-- phpMyAdmin SQL Dump
-- version 4.9.0.1
-- https://www.phpmyadmin.net/
--
-- Host: 127.0.0.1
-- Generation Time: Oct 08, 2019 at 12:34 PM
-- Server version: 10.4.6-MariaDB
-- PHP Version: 7.3.9

SET SQL_MODE = "NO_AUTO_VALUE_ON_ZERO";
SET AUTOCOMMIT = 0;
START TRANSACTION;
SET time_zone = "+00:00";


/*!40101 SET @OLD_CHARACTER_SET_CLIENT=@@CHARACTER_SET_CLIENT */;
/*!40101 SET @OLD_CHARACTER_SET_RESULTS=@@CHARACTER_SET_RESULTS */;
/*!40101 SET @OLD_COLLATION_CONNECTION=@@COLLATION_CONNECTION */;
/*!40101 SET NAMES utf8mb4 */;

--
-- Database: `aflamy`
--

-- --------------------------------------------------------

--
-- Table structure for table `ads`
--

CREATE TABLE `ads` (
  `id` int(10) UNSIGNED NOT NULL,
  `link` varchar(255) COLLATE utf8_unicode_ci NOT NULL,
  `image` varchar(255) COLLATE utf8_unicode_ci NOT NULL,
  `operator_id` int(10) UNSIGNED NOT NULL,
  `published_date` date NOT NULL,
  `created_at` timestamp NOT NULL DEFAULT '0000-00-00 00:00:00',
  `updated_at` timestamp NOT NULL DEFAULT '0000-00-00 00:00:00'
) ENGINE=InnoDB DEFAULT CHARSET=utf8 COLLATE=utf8_unicode_ci;

-- --------------------------------------------------------

--
-- Table structure for table `advertising_urls`
--

CREATE TABLE `advertising_urls` (
  `id` int(10) UNSIGNED NOT NULL,
  `adv_url` varchar(500) COLLATE utf8_unicode_ci DEFAULT NULL,
  `transaction_id` varchar(255) COLLATE utf8_unicode_ci NOT NULL,
  `msisdn` varchar(20) COLLATE utf8_unicode_ci DEFAULT NULL,
  `operatorId` int(11) DEFAULT NULL COMMENT '8=zain jordon , 50 ooredo ',
  `operatorName` varchar(20) COLLATE utf8_unicode_ci DEFAULT NULL,
  `status` tinyint(4) DEFAULT NULL COMMENT '0=hit from adv company , 1= subscription success , 2 = subscription fail  , 3 = renew success',
  `created_at` timestamp NOT NULL DEFAULT '0000-00-00 00:00:00',
  `updated_at` timestamp NOT NULL DEFAULT '0000-00-00 00:00:00',
  `publisherId_macro` varchar(500) COLLATE utf8_unicode_ci DEFAULT NULL,
  `mobrain_token` varchar(500) COLLATE utf8_unicode_ci DEFAULT NULL,
  `ads_compnay_name` enum('intech','headway','DF') COLLATE utf8_unicode_ci NOT NULL DEFAULT 'DF'
) ENGINE=InnoDB DEFAULT CHARSET=utf8 COLLATE=utf8_unicode_ci;

--
-- Dumping data for table `advertising_urls`
--

INSERT INTO `advertising_urls` (`id`, `adv_url`, `transaction_id`, `msisdn`, `operatorId`, `operatorName`, `status`, `created_at`, `updated_at`, `publisherId_macro`, `mobrain_token`, `ads_compnay_name`) VALUES
(84, '', '', NULL, NULL, NULL, NULL, '2018-05-10 12:13:50', '2018-05-10 12:13:50', '', NULL, 'DF'),
(85, '', '', NULL, NULL, NULL, NULL, '2018-05-10 12:13:54', '2018-05-10 12:13:54', '', NULL, 'DF'),
(86, '', '', NULL, NULL, NULL, NULL, '2018-05-10 12:13:59', '2018-05-10 12:13:59', '', NULL, 'DF'),
(87, '', '', NULL, NULL, NULL, NULL, '2018-05-10 12:14:53', '2018-05-10 12:14:53', '', NULL, 'DF'),
(88, '', '', '96596565867860', 50, 'ooredoo_kuwait', NULL, '2018-05-10 12:15:26', '2018-05-10 12:15:26', NULL, NULL, 'DF'),
(89, '', '', NULL, NULL, NULL, NULL, '2018-05-10 12:15:36', '2018-05-10 12:15:36', '', NULL, 'DF'),
(90, '', '', NULL, NULL, NULL, NULL, '2018-05-10 12:15:56', '2018-05-10 12:15:56', '', NULL, 'DF'),
(91, '', '', NULL, NULL, NULL, NULL, '2018-05-10 12:15:58', '2018-05-10 12:15:58', '', NULL, 'DF'),
(92, '', '', NULL, NULL, NULL, NULL, '2018-05-10 12:39:12', '2018-05-10 12:39:12', '', NULL, 'DF'),
(93, '', '', NULL, NULL, NULL, NULL, '2018-05-10 13:18:06', '2018-05-10 13:18:06', '', NULL, 'DF'),
(94, '', '', NULL, NULL, NULL, NULL, '2018-05-10 13:18:48', '2018-05-10 13:18:48', '', NULL, 'DF'),
(95, '', '', NULL, NULL, NULL, NULL, '2018-05-10 13:18:56', '2018-05-10 13:18:56', '', NULL, 'DF'),
(96, '', '', NULL, NULL, NULL, NULL, '2018-05-10 13:19:17', '2018-05-10 13:19:17', '', NULL, 'DF'),
(97, '', '', NULL, NULL, NULL, NULL, '2018-05-10 13:19:20', '2018-05-10 13:19:20', '', NULL, 'DF'),
(98, '', '', NULL, NULL, NULL, NULL, '2018-05-10 13:19:42', '2018-05-10 13:19:42', '', NULL, 'DF'),
(99, '', '', NULL, NULL, NULL, NULL, '2018-05-10 13:19:47', '2018-05-10 13:19:47', '', NULL, 'DF'),
(100, '', '', NULL, NULL, NULL, NULL, '2018-05-10 13:20:06', '2018-05-10 13:20:06', '', NULL, 'DF'),
(101, '', '', NULL, NULL, NULL, NULL, '2018-05-10 14:09:40', '2018-05-10 14:09:40', '', NULL, 'DF'),
(102, '', '', NULL, NULL, NULL, NULL, '2018-05-10 14:39:50', '2018-05-10 14:39:50', '', NULL, 'DF'),
(103, '', '', '96596512345678', 50, 'ooredoo_kuwait', NULL, '2018-05-10 14:39:59', '2018-05-10 14:39:59', NULL, NULL, 'DF'),
(104, '', '', NULL, NULL, NULL, NULL, '2018-05-10 14:50:53', '2018-05-10 14:50:53', '', NULL, 'DF'),
(105, '', '', NULL, NULL, NULL, NULL, '2018-05-10 14:51:37', '2018-05-10 14:51:37', '', NULL, 'DF'),
(106, '', '', NULL, NULL, NULL, NULL, '2018-05-10 14:52:51', '2018-05-10 14:52:51', '', NULL, 'DF'),
(107, '', '', NULL, NULL, NULL, NULL, '2018-05-10 14:52:58', '2018-05-10 14:52:58', '', NULL, 'DF'),
(108, '', '', NULL, NULL, NULL, NULL, '2018-05-13 11:06:59', '2018-05-13 11:06:59', '', NULL, 'DF'),
(109, '', '', NULL, NULL, NULL, NULL, '2018-05-13 12:04:29', '2018-05-13 12:04:29', '', NULL, 'DF'),
(110, '', '', NULL, NULL, NULL, NULL, '2018-05-13 12:05:36', '2018-05-13 12:05:36', '', NULL, 'DF'),
(111, '', '', NULL, NULL, NULL, NULL, '2018-05-13 12:09:15', '2018-05-13 12:09:15', '', NULL, 'DF'),
(112, '', '', NULL, NULL, NULL, NULL, '2018-05-13 12:10:48', '2018-05-13 12:10:48', '', NULL, 'DF'),
(113, '', '', NULL, NULL, NULL, NULL, '2018-05-13 12:11:47', '2018-05-13 12:11:47', '', NULL, 'DF'),
(114, '', '', NULL, NULL, NULL, NULL, '2018-05-15 08:17:08', '2018-05-15 08:17:08', '', NULL, 'DF'),
(115, '', '', '96596565867860', 50, 'ooredoo_kuwait', NULL, '2018-05-15 08:18:12', '2018-05-15 08:18:12', NULL, NULL, 'DF'),
(116, '', '', NULL, NULL, NULL, NULL, '2018-05-15 08:19:59', '2018-05-15 08:19:59', '', NULL, 'DF'),
(117, '', '', '96565867860', 50, 'ooredoo_kuwait', NULL, '2018-05-15 08:23:09', '2018-05-15 08:23:09', NULL, NULL, 'DF'),
(118, '', '', NULL, NULL, NULL, NULL, '2018-05-15 08:41:16', '2018-05-15 08:41:16', '', NULL, 'DF'),
(119, '', '', NULL, NULL, NULL, NULL, '2018-05-15 09:48:21', '2018-05-15 09:48:21', '', NULL, 'DF'),
(120, '', '', NULL, NULL, NULL, NULL, '2018-05-15 10:07:05', '2018-05-15 10:07:05', '', NULL, 'DF'),
(121, '', '', NULL, NULL, NULL, NULL, '2018-05-15 13:01:50', '2018-05-15 13:01:50', '', NULL, 'DF'),
(122, '', '', NULL, NULL, NULL, NULL, '2018-05-15 13:21:03', '2018-05-15 13:21:03', '', NULL, 'DF'),
(123, '', '', NULL, NULL, NULL, NULL, '2018-05-16 09:38:46', '2018-05-16 09:38:46', '', NULL, 'DF'),
(124, '', '', NULL, NULL, NULL, NULL, '2018-05-16 09:38:58', '2018-05-16 09:38:58', '', NULL, 'DF'),
(125, '', '', NULL, NULL, NULL, NULL, '2018-05-16 10:12:39', '2018-05-16 10:12:39', '', NULL, 'DF'),
(126, '', '', NULL, NULL, NULL, NULL, '2018-05-20 10:46:18', '2018-05-20 10:46:18', '', NULL, 'DF'),
(127, '', '', NULL, NULL, NULL, NULL, '2018-05-20 11:07:08', '2018-05-20 11:07:08', '', NULL, 'DF'),
(128, '', '', NULL, NULL, NULL, NULL, '2018-05-20 11:19:10', '2018-05-20 11:19:10', '', NULL, 'DF'),
(129, '', '', NULL, NULL, NULL, NULL, '2018-05-20 12:16:48', '2018-05-20 12:16:48', '', NULL, 'DF'),
(130, '', '', NULL, NULL, NULL, NULL, '2018-05-20 12:19:38', '2018-05-20 12:19:38', '', NULL, 'DF'),
(131, '', '', NULL, NULL, NULL, NULL, '2018-05-21 09:49:27', '2018-05-21 09:49:27', '', NULL, 'DF'),
(132, '', '', NULL, NULL, NULL, NULL, '2018-05-21 11:22:19', '2018-05-21 11:22:19', '', NULL, 'DF'),
(133, '', '', NULL, NULL, NULL, NULL, '2018-06-04 11:53:21', '2018-06-04 11:53:21', '', NULL, 'DF'),
(134, '', '', NULL, NULL, NULL, NULL, '2018-06-24 10:36:55', '2018-06-24 10:36:55', '', NULL, 'DF'),
(135, '', '', NULL, NULL, NULL, NULL, '2018-06-26 09:34:08', '2018-06-26 09:34:08', '', NULL, 'DF'),
(136, '', '', NULL, NULL, NULL, NULL, '2018-06-26 09:36:30', '2018-06-26 09:36:30', '', NULL, 'DF'),
(137, '', '', NULL, NULL, NULL, NULL, '2018-06-26 10:00:29', '2018-06-26 10:00:29', '', NULL, 'DF'),
(138, '', '', NULL, NULL, NULL, NULL, '2018-07-03 09:43:05', '2018-07-03 09:43:05', '', NULL, 'DF'),
(139, '', '', NULL, NULL, NULL, NULL, '2018-07-03 09:50:30', '2018-07-03 09:50:30', '', NULL, 'DF'),
(140, '', '', NULL, NULL, NULL, NULL, '2018-07-25 13:25:50', '2018-07-25 13:25:50', '', NULL, 'DF'),
(141, '', '', NULL, NULL, NULL, NULL, '2018-09-24 15:21:10', '2018-09-24 15:21:10', '', NULL, 'DF'),
(142, '', '', NULL, NULL, NULL, NULL, '2018-09-25 07:31:31', '2018-09-25 07:31:31', '', NULL, 'DF'),
(143, '', '', NULL, NULL, NULL, NULL, '2018-09-25 07:41:58', '2018-09-25 07:41:58', '', NULL, 'DF'),
(144, '', '', NULL, NULL, NULL, NULL, '2018-09-25 07:42:04', '2018-09-25 07:42:04', '', NULL, 'DF'),
(145, '', '', NULL, NULL, NULL, NULL, '2018-09-25 07:42:29', '2018-09-25 07:42:29', '', NULL, 'DF'),
(146, '', '', NULL, NULL, NULL, NULL, '2018-09-25 07:43:04', '2018-09-25 07:43:04', '', NULL, 'DF'),
(147, '', '', NULL, NULL, NULL, NULL, '2018-09-25 07:44:17', '2018-09-25 07:44:17', '', NULL, 'DF'),
(148, '', '', NULL, NULL, NULL, NULL, '2018-09-25 07:44:20', '2018-09-25 07:44:20', '', NULL, 'DF'),
(149, '', '', NULL, NULL, NULL, NULL, '2018-09-25 07:44:25', '2018-09-25 07:44:25', '', NULL, 'DF'),
(150, '', '', NULL, NULL, NULL, NULL, '2018-09-25 07:47:30', '2018-09-25 07:47:30', '', NULL, 'DF'),
(151, '', '', NULL, NULL, NULL, NULL, '2018-09-25 07:51:41', '2018-09-25 07:51:41', '', NULL, 'DF'),
(152, '', '', NULL, NULL, NULL, NULL, '2018-09-25 07:51:44', '2018-09-25 07:51:44', '', NULL, 'DF'),
(153, '', '', NULL, NULL, NULL, NULL, '2018-09-25 07:52:33', '2018-09-25 07:52:33', '', NULL, 'DF'),
(154, '', '', NULL, NULL, NULL, NULL, '2018-09-25 07:53:25', '2018-09-25 07:53:25', '', NULL, 'DF'),
(155, '', '', NULL, NULL, NULL, NULL, '2018-09-25 07:54:24', '2018-09-25 07:54:24', '', NULL, 'DF'),
(156, '', '', NULL, NULL, NULL, NULL, '2018-09-25 07:54:26', '2018-09-25 07:54:26', '', NULL, 'DF'),
(157, '', '', NULL, NULL, NULL, NULL, '2018-09-25 07:54:28', '2018-09-25 07:54:28', '', NULL, 'DF'),
(158, '', '', NULL, NULL, NULL, NULL, '2018-09-25 07:54:54', '2018-09-25 07:54:54', '', NULL, 'DF'),
(159, '', '', NULL, NULL, NULL, NULL, '2018-09-25 07:55:17', '2018-09-25 07:55:17', '', NULL, 'DF'),
(160, '', '', NULL, NULL, NULL, NULL, '2018-09-25 07:56:03', '2018-09-25 07:56:03', '', NULL, 'DF'),
(161, '', '', NULL, NULL, NULL, NULL, '2018-09-25 07:56:03', '2018-09-25 07:56:03', '', NULL, 'DF'),
(162, '', '', NULL, NULL, NULL, NULL, '2018-09-25 07:56:03', '2018-09-25 07:56:03', '', NULL, 'DF'),
(163, '', '', NULL, NULL, NULL, NULL, '2018-09-25 07:56:03', '2018-09-25 07:56:03', '', NULL, 'DF'),
(164, '', '', NULL, NULL, NULL, NULL, '2018-09-25 07:56:03', '2018-09-25 07:56:03', '', NULL, 'DF'),
(165, '', '', NULL, NULL, NULL, NULL, '2018-09-25 07:56:03', '2018-09-25 07:56:03', '', NULL, 'DF'),
(166, '', '', NULL, NULL, NULL, NULL, '2018-09-25 07:56:04', '2018-09-25 07:56:04', '', NULL, 'DF'),
(167, '', '', NULL, NULL, NULL, NULL, '2018-09-25 07:56:04', '2018-09-25 07:56:04', '', NULL, 'DF'),
(168, '', '', NULL, NULL, NULL, NULL, '2018-09-25 07:56:08', '2018-09-25 07:56:08', '', NULL, 'DF'),
(169, '', '', NULL, NULL, NULL, NULL, '2018-09-25 07:56:14', '2018-09-25 07:56:14', '', NULL, 'DF'),
(170, '', '', NULL, NULL, NULL, NULL, '2018-09-25 07:56:18', '2018-09-25 07:56:18', '', NULL, 'DF'),
(171, '', '', NULL, NULL, NULL, NULL, '2018-09-25 07:59:46', '2018-09-25 07:59:46', '', NULL, 'DF'),
(172, '', '', NULL, NULL, NULL, NULL, '2018-09-25 08:00:03', '2018-09-25 08:00:03', '', NULL, 'DF'),
(173, '', '', NULL, NULL, NULL, NULL, '2018-09-25 08:00:23', '2018-09-25 08:00:23', '', NULL, 'DF'),
(174, '', '', NULL, NULL, NULL, NULL, '2018-09-25 08:02:26', '2018-09-25 08:02:26', '', NULL, 'DF'),
(175, '', '', NULL, NULL, NULL, NULL, '2018-09-25 08:02:27', '2018-09-25 08:02:27', '', NULL, 'DF'),
(176, '', '', NULL, NULL, NULL, NULL, '2018-09-25 08:02:31', '2018-09-25 08:02:31', '', NULL, 'DF'),
(177, '', '', NULL, NULL, NULL, NULL, '2018-09-25 08:02:34', '2018-09-25 08:02:34', '', NULL, 'DF'),
(178, '', '', NULL, NULL, NULL, NULL, '2018-09-25 08:05:26', '2018-09-25 08:05:26', '', NULL, 'DF'),
(179, '', '', NULL, NULL, NULL, NULL, '2018-09-25 08:05:28', '2018-09-25 08:05:28', '', NULL, 'DF'),
(180, '', '', NULL, NULL, NULL, NULL, '2018-09-25 08:05:42', '2018-09-25 08:05:42', '', NULL, 'DF'),
(181, '', '', NULL, NULL, NULL, NULL, '2018-09-25 08:05:44', '2018-09-25 08:05:44', '', NULL, 'DF'),
(182, '', '', NULL, NULL, NULL, NULL, '2018-09-25 08:05:45', '2018-09-25 08:05:45', '', NULL, 'DF'),
(183, '', '', NULL, NULL, NULL, NULL, '2018-09-25 08:05:47', '2018-09-25 08:05:47', '', NULL, 'DF'),
(184, '', '', NULL, NULL, NULL, NULL, '2018-09-25 08:05:51', '2018-09-25 08:05:51', '', NULL, 'DF'),
(185, '', '', NULL, NULL, NULL, NULL, '2018-09-25 08:06:00', '2018-09-25 08:06:00', '', NULL, 'DF'),
(186, '', '', NULL, NULL, NULL, NULL, '2018-09-25 08:08:06', '2018-09-25 08:08:06', '', NULL, 'DF'),
(187, '', '', NULL, NULL, NULL, NULL, '2018-09-25 08:08:54', '2018-09-25 08:08:54', '', NULL, 'DF'),
(188, '', '', NULL, NULL, NULL, NULL, '2018-09-25 08:08:59', '2018-09-25 08:08:59', '', NULL, 'DF'),
(189, '', '', '96512345678', 50, 'ooredoo_kuwait', NULL, '2018-09-25 08:10:25', '2018-09-25 08:10:25', NULL, NULL, 'DF'),
(190, '', '', NULL, NULL, NULL, NULL, '2018-09-25 08:11:11', '2018-09-25 08:11:11', '', NULL, 'DF'),
(191, '', '', NULL, NULL, NULL, NULL, '2018-09-25 08:16:08', '2018-09-25 08:16:08', '', NULL, 'DF'),
(192, '', '', NULL, NULL, NULL, NULL, '2018-09-25 08:17:09', '2018-09-25 08:17:09', '', NULL, 'DF'),
(193, '', '', NULL, NULL, NULL, NULL, '2018-09-25 08:17:21', '2018-09-25 08:17:21', '', NULL, 'DF'),
(194, '', '', NULL, NULL, NULL, NULL, '2018-09-25 08:20:04', '2018-09-25 08:20:04', '', NULL, 'DF'),
(195, '', '', NULL, NULL, NULL, NULL, '2018-09-25 08:20:10', '2018-09-25 08:20:10', '', NULL, 'DF'),
(196, '', '', NULL, NULL, NULL, NULL, '2018-09-25 08:42:45', '2018-09-25 08:42:45', '', NULL, 'DF'),
(197, '', '', '96512345678', 50, 'ooredoo_kuwait', NULL, '2018-09-25 08:45:43', '2018-09-25 08:45:43', NULL, NULL, 'DF'),
(198, '', '', NULL, NULL, NULL, NULL, '2018-09-25 08:46:11', '2018-09-25 08:46:11', '', NULL, 'DF'),
(199, '', '', NULL, NULL, NULL, NULL, '2018-09-25 08:47:52', '2018-09-25 08:47:52', '', NULL, 'DF'),
(200, '', '', NULL, NULL, NULL, NULL, '2018-09-25 08:47:59', '2018-09-25 08:47:59', '', NULL, 'DF'),
(201, '', '', NULL, NULL, NULL, NULL, '2018-09-25 08:48:06', '2018-09-25 08:48:06', '', NULL, 'DF'),
(202, '', '', NULL, NULL, NULL, NULL, '2018-09-25 08:48:11', '2018-09-25 08:48:11', '', NULL, 'DF'),
(203, '', '', NULL, NULL, NULL, NULL, '2018-09-25 08:48:52', '2018-09-25 08:48:52', '', NULL, 'DF'),
(204, '', '', NULL, NULL, NULL, NULL, '2018-09-25 08:48:58', '2018-09-25 08:48:58', '', NULL, 'DF'),
(205, '', '', NULL, NULL, NULL, NULL, '2018-09-25 08:49:27', '2018-09-25 08:49:27', '', NULL, 'DF'),
(206, '', '', NULL, NULL, NULL, NULL, '2018-09-25 08:49:31', '2018-09-25 08:49:31', '', NULL, 'DF'),
(207, '', '', NULL, NULL, NULL, NULL, '2018-09-25 08:52:09', '2018-09-25 08:52:09', '', NULL, 'DF'),
(208, '', '', NULL, NULL, NULL, NULL, '2018-09-25 08:52:14', '2018-09-25 08:52:14', '', NULL, 'DF'),
(209, '', '', NULL, NULL, NULL, NULL, '2018-09-25 08:52:20', '2018-09-25 08:52:20', '', NULL, 'DF'),
(210, '', '', NULL, NULL, NULL, NULL, '2018-09-25 08:52:48', '2018-09-25 08:52:48', '', NULL, 'DF'),
(211, '', '', NULL, NULL, NULL, NULL, '2018-09-25 08:52:51', '2018-09-25 08:52:51', '', NULL, 'DF'),
(212, '', '', NULL, NULL, NULL, NULL, '2018-09-25 08:52:54', '2018-09-25 08:52:54', '', NULL, 'DF'),
(213, '', '', NULL, NULL, NULL, NULL, '2018-09-25 08:53:10', '2018-09-25 08:53:10', '', NULL, 'DF'),
(214, '', '', NULL, NULL, NULL, NULL, '2018-09-25 08:53:15', '2018-09-25 08:53:15', '', NULL, 'DF'),
(215, '', '', NULL, NULL, NULL, NULL, '2018-09-25 08:54:20', '2018-09-25 08:54:20', '', NULL, 'DF'),
(216, '', '', NULL, NULL, NULL, NULL, '2018-09-25 09:00:24', '2018-09-25 09:00:24', '', NULL, 'DF'),
(217, '', '', NULL, NULL, NULL, NULL, '2018-09-25 09:00:45', '2018-09-25 09:00:45', '', NULL, 'DF'),
(218, '', '', NULL, NULL, NULL, NULL, '2018-09-25 09:01:05', '2018-09-25 09:01:05', '', NULL, 'DF'),
(219, '', '', NULL, NULL, NULL, NULL, '2018-09-25 09:03:26', '2018-09-25 09:03:26', '', NULL, 'DF'),
(220, '', '', NULL, NULL, NULL, NULL, '2018-09-25 09:27:51', '2018-09-25 09:27:51', '', NULL, 'DF'),
(221, '', '', NULL, NULL, NULL, NULL, '2018-09-25 09:27:57', '2018-09-25 09:27:57', '', NULL, 'DF'),
(222, 'product_id=4&operator_id=2', '', NULL, NULL, NULL, NULL, '2018-09-25 09:30:51', '2018-09-25 09:30:51', '', NULL, 'intech'),
(223, '', '', NULL, NULL, NULL, NULL, '2018-09-25 09:31:31', '2018-09-25 09:31:31', '', NULL, 'DF'),
(224, '', '', NULL, NULL, NULL, NULL, '2018-09-25 09:31:40', '2018-09-25 09:31:40', '', NULL, 'DF'),
(225, '', '', NULL, NULL, NULL, NULL, '2018-09-25 09:33:38', '2018-09-25 09:33:38', '', NULL, 'DF'),
(226, 'product_id=4', '', NULL, NULL, NULL, NULL, '2018-09-25 09:33:53', '2018-09-25 09:33:53', '', NULL, 'intech'),
(227, 'product_id=4', '', NULL, NULL, NULL, NULL, '2018-09-25 09:34:22', '2018-09-25 09:34:22', '', NULL, 'intech'),
(228, '', '', NULL, NULL, NULL, NULL, '2018-09-25 09:34:28', '2018-09-25 09:34:28', '', NULL, 'DF'),
(229, '', '', NULL, NULL, NULL, NULL, '2018-09-25 09:34:58', '2018-09-25 09:34:58', '', NULL, 'DF'),
(230, '', '', NULL, NULL, NULL, NULL, '2018-09-25 09:35:12', '2018-09-25 09:35:12', '', NULL, 'DF'),
(231, '', '', NULL, NULL, NULL, NULL, '2018-09-25 09:35:31', '2018-09-25 09:35:31', '', NULL, 'DF'),
(232, '', '', NULL, NULL, NULL, NULL, '2018-09-25 09:36:22', '2018-09-25 09:36:22', '', NULL, 'DF'),
(233, '', '', NULL, NULL, NULL, NULL, '2018-09-25 09:36:52', '2018-09-25 09:36:52', '', NULL, 'DF'),
(234, '', '', NULL, NULL, NULL, NULL, '2018-09-25 09:40:33', '2018-09-25 09:40:33', '', NULL, 'DF'),
(235, '', '', NULL, NULL, NULL, NULL, '2018-09-25 09:40:52', '2018-09-25 09:40:52', '', NULL, 'DF'),
(236, '', '', NULL, NULL, NULL, NULL, '2018-09-25 09:43:35', '2018-09-25 09:43:35', '', NULL, 'DF'),
(237, '', '', NULL, NULL, NULL, NULL, '2018-09-25 09:58:58', '2018-09-25 09:58:58', '', NULL, 'DF'),
(238, '', '', NULL, NULL, NULL, NULL, '2018-09-25 09:59:05', '2018-09-25 09:59:05', '', NULL, 'DF'),
(239, '', '', NULL, NULL, NULL, NULL, '2018-09-25 09:59:40', '2018-09-25 09:59:40', '', NULL, 'DF'),
(240, 'product_id=4&operator_id=2', '', NULL, NULL, NULL, NULL, '2018-09-25 10:16:40', '2018-09-25 10:16:40', '', NULL, 'intech'),
(241, 'product_id=4&operator_id=2&ghgh=1', '', NULL, NULL, NULL, NULL, '2018-09-25 10:16:52', '2018-09-25 10:16:52', '', NULL, 'intech'),
(242, 'product_id=4&operator_id=2&ghgh=1', '', NULL, NULL, NULL, NULL, '2018-09-25 10:18:27', '2018-09-25 10:18:27', '', NULL, 'intech'),
(243, 'ghgh=1&operator_id=2&product_id=4', '', NULL, NULL, NULL, NULL, '2018-09-25 10:18:34', '2018-09-25 10:18:34', '', NULL, 'intech'),
(244, 'ghgh=1&operator_id=2&product_id=4', '', NULL, NULL, NULL, NULL, '2018-09-25 10:18:43', '2018-09-25 10:18:43', '', NULL, 'intech'),
(245, '', '', NULL, NULL, NULL, NULL, '2018-09-25 10:20:07', '2018-09-25 10:20:07', '', NULL, 'DF'),
(246, '', '', NULL, NULL, NULL, NULL, '2018-09-25 10:25:05', '2018-09-25 10:25:05', '', NULL, 'DF'),
(247, '', '', NULL, NULL, NULL, NULL, '2018-09-25 10:25:31', '2018-09-25 10:25:31', '', NULL, 'DF'),
(248, '', '', NULL, NULL, NULL, NULL, '2018-09-25 10:26:14', '2018-09-25 10:26:14', '', NULL, 'DF'),
(249, '', '', NULL, NULL, NULL, NULL, '2018-09-25 10:26:28', '2018-09-25 10:26:28', '', NULL, 'DF'),
(250, '', '', NULL, NULL, NULL, NULL, '2018-09-25 10:27:41', '2018-09-25 10:27:41', '', NULL, 'DF'),
(251, '', '', NULL, NULL, NULL, NULL, '2018-09-25 13:58:06', '2018-09-25 13:58:06', '', NULL, 'DF'),
(252, '', '', NULL, NULL, NULL, NULL, '2018-09-25 13:58:08', '2018-09-25 13:58:08', '', NULL, 'DF'),
(253, '', '', NULL, NULL, NULL, NULL, '2018-09-25 13:58:14', '2018-09-25 13:58:14', '', NULL, 'DF'),
(254, 'product_id=4&operator_id=2', '', NULL, NULL, NULL, NULL, '2018-09-25 13:58:20', '2018-09-25 13:58:20', '', NULL, 'intech'),
(255, 'operator_id=2&product_id=4', '', NULL, NULL, NULL, NULL, '2018-09-25 13:58:25', '2018-09-25 13:58:25', '', NULL, 'intech'),
(256, '', '', NULL, NULL, NULL, NULL, '2018-09-25 14:04:35', '2018-09-25 14:04:35', '', NULL, 'DF'),
(257, '', '', NULL, NULL, NULL, NULL, '2018-09-25 14:04:44', '2018-09-25 14:04:44', '', NULL, 'DF'),
(258, '', '', NULL, NULL, NULL, NULL, '2018-09-25 14:04:46', '2018-09-25 14:04:46', '', NULL, 'DF'),
(259, '', '', NULL, NULL, NULL, NULL, '2018-09-25 14:08:24', '2018-09-25 14:08:24', '', NULL, 'DF'),
(260, '', '', NULL, NULL, NULL, NULL, '2018-09-25 14:08:40', '2018-09-25 14:08:40', '', NULL, 'DF'),
(261, '', '', NULL, NULL, NULL, NULL, '2018-09-25 14:14:50', '2018-09-25 14:14:50', '', NULL, 'DF'),
(262, '', '', NULL, NULL, NULL, NULL, '2018-09-25 14:16:06', '2018-09-25 14:16:06', '', NULL, 'DF'),
(263, '', '', NULL, NULL, NULL, NULL, '2018-09-25 14:16:06', '2018-09-25 14:16:06', '', NULL, 'DF'),
(264, '', '', NULL, NULL, NULL, NULL, '2018-09-25 14:17:56', '2018-09-25 14:17:56', '', NULL, 'DF'),
(265, '', '', NULL, NULL, NULL, NULL, '2018-09-25 14:20:28', '2018-09-25 14:20:28', '', NULL, 'DF'),
(266, '', '', NULL, NULL, NULL, NULL, '2018-09-25 14:21:11', '2018-09-25 14:21:11', '', NULL, 'DF'),
(267, '', '', NULL, NULL, NULL, NULL, '2018-09-25 14:21:38', '2018-09-25 14:21:38', '', NULL, 'DF'),
(268, '', '', NULL, NULL, NULL, NULL, '2018-09-25 14:22:41', '2018-09-25 14:22:41', '', NULL, 'DF'),
(269, '', '', NULL, NULL, NULL, NULL, '2018-09-25 14:24:42', '2018-09-25 14:24:42', '', NULL, 'DF'),
(270, '', '', NULL, NULL, NULL, NULL, '2018-09-25 14:28:33', '2018-09-25 14:28:33', '', NULL, 'DF'),
(271, '', '', NULL, NULL, NULL, NULL, '2018-09-25 14:28:52', '2018-09-25 14:28:52', '', NULL, 'DF'),
(272, '', '', NULL, NULL, NULL, NULL, '2018-09-25 14:29:07', '2018-09-25 14:29:07', '', NULL, 'DF'),
(273, '', '', NULL, NULL, NULL, NULL, '2018-09-25 14:31:51', '2018-09-25 14:31:51', '', NULL, 'DF'),
(274, '', '', NULL, NULL, NULL, NULL, '2018-09-25 14:32:50', '2018-09-25 14:32:50', '', NULL, 'DF'),
(275, '', '', NULL, NULL, NULL, NULL, '2018-09-25 14:34:48', '2018-09-25 14:34:48', '', NULL, 'DF'),
(276, '', '', NULL, NULL, NULL, NULL, '2018-09-25 14:34:50', '2018-09-25 14:34:50', '', NULL, 'DF'),
(277, '', '', NULL, NULL, NULL, NULL, '2018-09-25 14:35:28', '2018-09-25 14:35:28', '', NULL, 'DF'),
(278, '', '', NULL, NULL, NULL, NULL, '2018-09-25 14:37:36', '2018-09-25 14:37:36', '', NULL, 'DF'),
(279, '', '', NULL, NULL, NULL, NULL, '2018-09-25 15:37:29', '2018-09-25 15:37:29', '', NULL, 'DF'),
(280, '', '', NULL, NULL, NULL, NULL, '2018-09-25 15:37:45', '2018-09-25 15:37:45', '', NULL, 'DF'),
(281, '', '', NULL, NULL, NULL, NULL, '2018-09-25 15:55:48', '2018-09-25 15:55:48', '', NULL, 'DF'),
(282, '', '', NULL, NULL, NULL, NULL, '2018-09-25 15:56:18', '2018-09-25 15:56:18', '', NULL, 'DF'),
(283, '', '', NULL, NULL, NULL, NULL, '2018-09-25 15:56:40', '2018-09-25 15:56:40', '', NULL, 'DF'),
(284, '', '', NULL, NULL, NULL, NULL, '2018-09-25 16:04:33', '2018-09-25 16:04:33', '', NULL, 'DF'),
(285, '', '', NULL, NULL, NULL, NULL, '2018-09-25 16:05:39', '2018-09-25 16:05:39', '', NULL, 'DF'),
(286, 'operator_id=2&cms=1', '', NULL, NULL, NULL, NULL, '2018-09-25 16:08:17', '2018-09-25 16:08:17', '', NULL, 'intech'),
(287, 'operator_id=2&cms=1', '', NULL, NULL, NULL, NULL, '2018-09-25 16:08:41', '2018-09-25 16:08:41', '', NULL, 'intech'),
(288, 'operator_id=2&cms=1', '', NULL, NULL, NULL, NULL, '2018-09-25 16:10:44', '2018-09-25 16:10:44', '', NULL, 'intech'),
(289, 'operator_id=2&cms=1', '', NULL, NULL, NULL, NULL, '2018-09-25 16:10:45', '2018-09-25 16:10:45', '', NULL, 'intech'),
(290, 'operator_id=2&cms=1', '', NULL, NULL, NULL, NULL, '2018-09-25 16:10:46', '2018-09-25 16:10:46', '', NULL, 'intech'),
(291, 'operator_id=2&cms=1', '', NULL, NULL, NULL, NULL, '2018-09-25 16:10:56', '2018-09-25 16:10:56', '', NULL, 'intech'),
(292, 'operator_id=2&cms=1', '', NULL, NULL, NULL, NULL, '2018-09-25 16:10:57', '2018-09-25 16:10:57', '', NULL, 'intech'),
(293, 'operator_id=2&cms=1', '', NULL, NULL, NULL, NULL, '2018-09-25 16:10:59', '2018-09-25 16:10:59', '', NULL, 'intech'),
(294, 'operator_id=2&cms=1', '', NULL, NULL, NULL, NULL, '2018-09-25 16:11:02', '2018-09-25 16:11:02', '', NULL, 'intech'),
(295, 'operator_id=2&cms=1', '', '96512345678', 50, 'ooredoo_kuwait', NULL, '2018-09-25 16:11:18', '2018-09-25 16:11:18', NULL, NULL, 'intech'),
(296, '', '', NULL, NULL, NULL, NULL, '2018-09-26 08:20:22', '2018-09-26 08:20:22', '', NULL, 'DF'),
(297, '', '', NULL, NULL, NULL, NULL, '2018-09-26 08:35:30', '2018-09-26 08:35:30', '', NULL, 'DF'),
(298, '', '', NULL, NULL, NULL, NULL, '2018-09-27 10:36:22', '2018-09-27 10:36:22', '', NULL, 'DF'),
(299, 'operator_id=1', '', NULL, NULL, NULL, NULL, '2018-09-27 10:40:10', '2018-09-27 10:40:10', '', NULL, 'intech'),
(300, '', '', NULL, NULL, NULL, NULL, '2018-09-27 11:19:14', '2018-09-27 11:19:14', '', NULL, 'DF'),
(301, 'MSISDN=123456', '', NULL, NULL, NULL, NULL, '2018-09-27 11:43:58', '2018-09-27 11:43:58', '', NULL, 'intech'),
(302, 'MSISDN=', '', NULL, NULL, NULL, NULL, '2018-09-27 11:44:09', '2018-09-27 11:44:09', '', NULL, 'intech'),
(303, 'MSISDN=2121', '', NULL, NULL, NULL, NULL, '2018-09-27 11:44:16', '2018-09-27 11:44:16', '', NULL, 'intech'),
(304, 'MSISDN=123456', '', NULL, NULL, NULL, NULL, '2018-09-27 11:50:43', '2018-09-27 11:50:43', '', NULL, 'intech'),
(305, 'MSISDN=123456', '', NULL, NULL, NULL, NULL, '2018-09-27 11:50:55', '2018-09-27 11:50:55', '', NULL, 'intech'),
(306, 'MSISDN=123456', '', NULL, NULL, NULL, NULL, '2018-09-27 12:40:47', '2018-09-27 12:40:47', '', NULL, 'intech'),
(307, 'MSISDN=123456', '', NULL, NULL, NULL, NULL, '2018-09-27 12:41:05', '2018-09-27 12:41:05', '', NULL, 'intech'),
(308, 'MSISDN=123456', '', NULL, NULL, NULL, NULL, '2018-09-27 12:42:13', '2018-09-27 12:42:13', '', NULL, 'intech'),
(309, 'MSISDN=123456', '', NULL, NULL, NULL, NULL, '2018-09-27 12:42:29', '2018-09-27 12:42:29', '', NULL, 'intech'),
(310, 'MSISDN=123456', '', NULL, NULL, NULL, NULL, '2018-09-27 12:43:41', '2018-09-27 12:43:41', '', NULL, 'intech'),
(311, '', '', NULL, NULL, NULL, NULL, '2018-09-30 08:12:04', '2018-09-30 08:12:04', '', NULL, 'DF'),
(312, '', '', NULL, NULL, NULL, NULL, '2018-09-30 08:53:13', '2018-09-30 08:53:13', '', NULL, 'DF'),
(313, 'MSISDN=', '', NULL, NULL, NULL, NULL, '2018-10-01 07:56:43', '2018-10-01 07:56:43', '', NULL, 'intech'),
(314, 'MSISDN=', '', NULL, NULL, NULL, NULL, '2018-10-01 08:28:49', '2018-10-01 08:28:49', '', NULL, 'intech'),
(315, '', '', NULL, NULL, NULL, NULL, '2018-10-02 10:00:51', '2018-10-02 10:00:51', '', NULL, 'DF'),
(316, '', '', NULL, NULL, NULL, NULL, '2018-10-02 10:56:54', '2018-10-02 10:56:54', '', NULL, 'DF'),
(317, '', '', NULL, NULL, NULL, NULL, '2018-10-02 10:56:56', '2018-10-02 10:56:56', '', NULL, 'DF'),
(318, '', '', NULL, NULL, NULL, NULL, '2018-10-02 10:57:11', '2018-10-02 10:57:11', '', NULL, 'DF'),
(319, '', '', NULL, NULL, NULL, NULL, '2018-10-02 10:58:02', '2018-10-02 10:58:02', '', NULL, 'DF'),
(320, '', '', NULL, NULL, NULL, NULL, '2018-10-02 10:58:06', '2018-10-02 10:58:06', '', NULL, 'DF'),
(321, '', '', NULL, NULL, NULL, NULL, '2018-10-02 10:58:06', '2018-10-02 10:58:06', '', NULL, 'DF'),
(322, 'service=1&appId=77&countryId=708&affiliateId=171&type=CPE&transaction_id=10229c0116b4e84a9d2c97918b8df5', '10229c0116b4e84a9d2c97918b8df5', NULL, NULL, NULL, NULL, '2018-10-02 10:58:30', '2018-10-02 10:58:30', '', NULL, 'intech'),
(323, 'service=1&appId=77&countryId=708&affiliateId=171&type=CPE&transaction_id=10229c0116b4e84a9d2c97918b8df5', '10229c0116b4e84a9d2c97918b8df5', NULL, NULL, NULL, NULL, '2018-10-02 10:58:32', '2018-10-02 10:58:32', '', NULL, 'intech'),
(324, 'service=1&appId=77&countryId=708&affiliateId=171&type=CPE&transaction_id=10229c0116b4e84a9d2c97918b8df5', '10229c0116b4e84a9d2c97918b8df5', NULL, NULL, NULL, NULL, '2018-10-02 11:05:22', '2018-10-02 11:05:22', '', NULL, 'intech'),
(325, 'service=1&appId=77&countryId=708&affiliateId=171&type=CPE&transaction_id=10229c0116b4e84a9d2c97918b8df5', '10229c0116b4e84a9d2c97918b8df5', NULL, NULL, NULL, NULL, '2018-10-02 11:06:05', '2018-10-02 11:06:05', '', NULL, 'intech'),
(326, 'service=1&appId=77&countryId=708&affiliateId=171&type=CPE&transaction_id=10229c0116b4e84a9d2c97918b8df5', '10229c0116b4e84a9d2c97918b8df5', NULL, NULL, NULL, NULL, '2018-10-02 11:06:10', '2018-10-02 11:06:10', '', NULL, 'intech'),
(327, 'service=1&appId=77&countryId=708&affiliateId=171&type=CPE&transaction_id=10229c0116b4e84a9d2c97918b8df5', '10229c0116b4e84a9d2c97918b8df5', NULL, NULL, NULL, NULL, '2018-10-02 11:06:12', '2018-10-02 11:06:12', '', NULL, 'intech'),
(328, 'service=1&appId=77&countryId=708&affiliateId=171&type=CPE&transaction_id=10229c0116b4e84a9d2c97918b8df5', '10229c0116b4e84a9d2c97918b8df5', NULL, NULL, NULL, NULL, '2018-10-02 11:06:15', '2018-10-02 11:06:15', '', NULL, 'intech'),
(329, '', '', NULL, NULL, NULL, NULL, '2018-10-03 15:31:02', '2018-10-03 15:31:02', '', NULL, 'DF'),
(330, '', '', NULL, NULL, NULL, NULL, '2018-10-03 15:31:18', '2018-10-03 15:31:18', '', NULL, 'DF'),
(331, '', '', NULL, NULL, NULL, NULL, '2018-10-03 15:31:30', '2018-10-03 15:31:30', '', NULL, 'DF'),
(332, '', '', NULL, NULL, NULL, NULL, '2018-10-03 15:31:52', '2018-10-03 15:31:52', '', NULL, 'DF'),
(333, '', '', NULL, NULL, NULL, NULL, '2018-10-03 15:31:58', '2018-10-03 15:31:58', '', NULL, 'DF'),
(334, '', '', NULL, NULL, NULL, NULL, '2018-10-03 15:32:43', '2018-10-03 15:32:43', '', NULL, 'DF'),
(335, '', '', NULL, NULL, NULL, NULL, '2018-10-03 15:33:35', '2018-10-03 15:33:35', '', NULL, 'DF'),
(336, '', '', NULL, NULL, NULL, NULL, '2018-10-03 15:33:42', '2018-10-03 15:33:42', '', NULL, 'DF'),
(337, '', '', NULL, NULL, NULL, NULL, '2018-10-03 15:38:07', '2018-10-03 15:38:07', '', NULL, 'DF'),
(338, '', '', NULL, NULL, NULL, NULL, '2018-10-03 15:38:08', '2018-10-03 15:38:08', '', NULL, 'DF'),
(339, '', '', NULL, NULL, NULL, NULL, '2018-10-03 16:21:15', '2018-10-03 16:21:15', '', NULL, 'DF'),
(340, '', '', NULL, NULL, NULL, NULL, '2018-10-03 16:21:38', '2018-10-03 16:21:38', '', NULL, 'DF'),
(341, '', '', NULL, NULL, NULL, NULL, '2018-10-03 16:22:31', '2018-10-03 16:22:31', '', NULL, 'DF'),
(342, '', '', NULL, NULL, NULL, NULL, '2018-10-03 16:23:43', '2018-10-03 16:23:43', '', NULL, 'DF'),
(343, '', '', NULL, NULL, NULL, NULL, '2018-10-03 16:26:08', '2018-10-03 16:26:08', '', NULL, 'DF'),
(344, '', '', NULL, NULL, NULL, NULL, '2018-10-03 16:27:21', '2018-10-03 16:27:21', '', NULL, 'DF'),
(345, '', '', NULL, NULL, NULL, NULL, '2018-10-03 16:28:34', '2018-10-03 16:28:34', '', NULL, 'DF'),
(346, '', '', NULL, NULL, NULL, NULL, '2018-10-03 16:30:09', '2018-10-03 16:30:09', '', NULL, 'DF'),
(347, '', '', NULL, NULL, NULL, NULL, '2018-10-03 16:31:13', '2018-10-03 16:31:13', '', NULL, 'DF'),
(348, '', '', NULL, NULL, NULL, NULL, '2018-10-03 16:31:14', '2018-10-03 16:31:14', '', NULL, 'DF'),
(349, '', '', NULL, NULL, NULL, NULL, '2018-10-15 09:21:41', '2018-10-15 09:21:41', '', NULL, 'DF'),
(350, '', '', NULL, NULL, NULL, NULL, '2018-10-15 09:21:45', '2018-10-15 09:21:45', '', NULL, 'DF'),
(351, '', '', NULL, NULL, NULL, NULL, '2018-10-16 14:55:36', '2018-10-16 14:55:36', '', NULL, 'DF'),
(352, '', '', NULL, NULL, NULL, NULL, '2018-10-16 14:55:42', '2018-10-16 14:55:42', '', NULL, 'DF'),
(353, '', '', NULL, NULL, NULL, NULL, '2018-10-16 14:57:46', '2018-10-16 14:57:46', '', NULL, 'DF'),
(354, '', '', NULL, NULL, NULL, NULL, '2018-10-16 14:57:52', '2018-10-16 14:57:52', '', NULL, 'DF'),
(355, '', '', NULL, NULL, NULL, NULL, '2018-10-16 14:57:59', '2018-10-16 14:57:59', '', NULL, 'DF'),
(356, '', '', NULL, NULL, NULL, NULL, '2018-10-17 07:31:13', '2018-10-17 07:31:13', '', NULL, 'DF'),
(357, '', '', NULL, NULL, NULL, NULL, '2018-10-18 10:07:31', '2018-10-18 10:07:31', '', NULL, 'DF'),
(358, '', '', NULL, NULL, NULL, NULL, '2018-10-18 11:21:48', '2018-10-18 11:21:48', '', NULL, 'DF'),
(359, '', '', NULL, NULL, NULL, NULL, '2018-10-22 12:36:14', '2018-10-22 12:36:14', '', NULL, 'DF'),
(360, '', '', NULL, NULL, NULL, NULL, '2018-10-22 12:36:15', '2018-10-22 12:36:15', '', NULL, 'DF'),
(361, '', '', NULL, NULL, NULL, NULL, '2018-10-22 12:37:30', '2018-10-22 12:37:30', '', NULL, 'DF'),
(362, '', '', NULL, NULL, NULL, NULL, '2018-10-22 12:37:36', '2018-10-22 12:37:36', '', NULL, 'DF'),
(363, '', '', NULL, NULL, NULL, NULL, '2018-10-25 14:48:20', '2018-10-25 14:48:20', '', NULL, 'DF'),
(364, '', '', NULL, NULL, NULL, NULL, '2018-10-25 14:48:20', '2018-10-25 14:48:20', '', NULL, 'DF'),
(365, '', '', NULL, NULL, NULL, NULL, '2018-10-25 14:48:25', '2018-10-25 14:48:25', '', NULL, 'DF'),
(366, '', '', NULL, NULL, NULL, NULL, '2018-10-25 14:49:39', '2018-10-25 14:49:39', '', NULL, 'DF'),
(367, '', '', NULL, NULL, NULL, NULL, '2018-11-06 11:21:38', '2018-11-06 11:21:38', '', NULL, 'DF'),
(368, '', '', NULL, NULL, NULL, NULL, '2018-11-08 07:44:11', '2018-11-08 07:44:11', '', NULL, 'DF'),
(369, '', '', NULL, NULL, NULL, NULL, '2018-11-08 07:44:11', '2018-11-08 07:44:11', '', NULL, 'DF'),
(370, '', '', NULL, NULL, NULL, NULL, '2018-11-08 07:48:02', '2018-11-08 07:48:02', '', NULL, 'DF'),
(371, '', '', NULL, NULL, NULL, NULL, '2018-11-08 07:48:18', '2018-11-08 07:48:18', '', NULL, 'DF'),
(372, '', '', NULL, NULL, NULL, NULL, '2018-11-08 08:06:26', '2018-11-08 08:06:26', '', NULL, 'DF'),
(373, '', '', NULL, NULL, NULL, NULL, '2018-11-08 08:23:27', '2018-11-08 08:23:27', '', NULL, 'DF'),
(374, '', '', NULL, NULL, NULL, NULL, '2018-11-08 08:23:54', '2018-11-08 08:23:54', '', NULL, 'DF'),
(375, '', '', NULL, NULL, NULL, NULL, '2018-11-08 08:23:54', '2018-11-08 08:23:54', '', NULL, 'DF'),
(376, '', '', NULL, NULL, NULL, NULL, '2018-11-08 08:23:55', '2018-11-08 08:23:55', '', NULL, 'DF'),
(377, '', '', NULL, NULL, NULL, NULL, '2018-11-08 08:23:55', '2018-11-08 08:23:55', '', NULL, 'DF'),
(378, '', '', NULL, NULL, NULL, NULL, '2018-11-08 08:23:57', '2018-11-08 08:23:57', '', NULL, 'DF'),
(379, '', '', NULL, NULL, NULL, NULL, '2018-11-08 08:23:59', '2018-11-08 08:23:59', '', NULL, 'DF'),
(380, '', '', NULL, NULL, NULL, NULL, '2018-11-08 08:25:17', '2018-11-08 08:25:17', '', NULL, 'DF'),
(381, '', '', NULL, NULL, NULL, NULL, '2018-11-08 08:26:27', '2018-11-08 08:26:27', '', NULL, 'DF'),
(382, '', '', NULL, NULL, NULL, NULL, '2018-11-08 08:26:27', '2018-11-08 08:26:27', '', NULL, 'DF'),
(383, '', '', NULL, NULL, NULL, NULL, '2018-11-08 08:26:31', '2018-11-08 08:26:31', '', NULL, 'DF'),
(384, '', '', NULL, NULL, NULL, NULL, '2018-11-08 08:33:09', '2018-11-08 08:33:09', '', NULL, 'DF'),
(385, '', '', NULL, NULL, NULL, NULL, '2018-11-08 08:33:09', '2018-11-08 08:33:09', '', NULL, 'DF'),
(386, '', '', NULL, NULL, NULL, NULL, '2018-11-08 08:33:10', '2018-11-08 08:33:10', '', NULL, 'DF'),
(387, '', '', '', 50, NULL, NULL, '2018-11-08 09:04:08', '2018-11-08 09:04:08', '', NULL, 'DF'),
(388, '', '', '', 50, NULL, NULL, '2018-11-08 09:04:26', '2018-11-08 09:04:26', '', NULL, 'DF'),
(389, '', '', '', 50, NULL, NULL, '2018-11-08 09:07:07', '2018-11-08 09:07:07', '', NULL, 'DF'),
(390, '', '', '', 50, NULL, NULL, '2018-11-08 10:24:47', '2018-11-08 10:24:47', '', NULL, 'DF'),
(391, '', '', '', 50, NULL, NULL, '2018-11-08 10:28:44', '2018-11-08 10:28:44', '', NULL, 'DF'),
(392, '', '', '', 50, NULL, NULL, '2018-11-08 10:29:01', '2018-11-08 10:29:01', '', NULL, 'DF'),
(393, '', '', '', 50, NULL, NULL, '2018-11-08 10:30:49', '2018-11-08 10:30:49', '', NULL, 'DF'),
(394, '', '', '', 50, NULL, NULL, '2018-11-08 10:31:47', '2018-11-08 10:31:47', '', NULL, 'DF'),
(395, '', '', '', 8, NULL, NULL, '2018-11-08 10:32:17', '2018-11-08 10:32:17', '', NULL, 'DF'),
(396, 'operator_id=3', '', '', 50, NULL, NULL, '2018-11-08 10:37:40', '2018-11-08 10:37:40', '', NULL, 'DF'),
(397, '', '', '', 50, NULL, NULL, '2018-11-08 10:40:06', '2018-11-08 10:40:06', '', NULL, 'DF'),
(398, '', '', '', 50, NULL, NULL, '2018-11-08 10:41:32', '2018-11-08 10:41:32', '', NULL, 'DF'),
(399, '', '', '', 50, NULL, NULL, '2018-11-08 10:44:31', '2018-11-08 10:44:31', '', NULL, 'DF'),
(400, '', '', '', 50, NULL, NULL, '2018-11-08 10:45:09', '2018-11-08 10:45:09', '', NULL, 'DF'),
(401, '', '', '', 8, NULL, NULL, '2018-11-08 10:46:27', '2018-11-08 10:46:27', '', NULL, 'DF'),
(402, '', '', '', 8, NULL, NULL, '2018-11-08 10:46:32', '2018-11-08 10:46:32', '', NULL, 'DF'),
(403, '', '', '', 50, NULL, NULL, '2018-11-08 10:59:14', '2018-11-08 10:59:14', '', NULL, 'DF'),
(404, '', '', '', 8, NULL, NULL, '2018-11-08 10:59:56', '2018-11-08 10:59:56', '', NULL, 'DF'),
(405, '', '', '', 8, NULL, NULL, '2018-11-08 10:59:59', '2018-11-08 10:59:59', '', NULL, 'DF'),
(406, '', '', '', 50, NULL, NULL, '2018-11-08 11:03:39', '2018-11-08 11:03:39', '', NULL, 'DF'),
(407, '', '', '', 50, NULL, NULL, '2018-11-08 11:04:15', '2018-11-08 11:04:15', '', NULL, 'DF'),
(408, '', '', '', 50, NULL, NULL, '2018-11-08 11:04:37', '2018-11-08 11:04:37', '', NULL, 'DF'),
(409, '', '', '', 8, NULL, NULL, '2018-11-08 11:04:49', '2018-11-08 11:04:49', '', NULL, 'DF'),
(410, '', '', '', 8, NULL, NULL, '2018-11-08 11:05:25', '2018-11-08 11:05:25', '', NULL, 'DF'),
(411, '', '', '', 50, NULL, NULL, '2018-11-11 08:21:02', '2018-11-11 08:21:02', '', NULL, 'DF'),
(412, '', '', '', 50, NULL, NULL, '2018-11-11 09:49:54', '2018-11-11 09:49:54', '', NULL, 'DF'),
(413, '', '', '', 50, NULL, NULL, '2018-11-11 09:50:08', '2018-11-11 09:50:08', '', NULL, 'DF'),
(414, '', '', '', 50, NULL, NULL, '2018-11-11 09:50:10', '2018-11-11 09:50:10', '', NULL, 'DF'),
(415, '', '', '', 50, NULL, NULL, '2018-11-11 10:41:57', '2018-11-11 10:41:57', '', NULL, 'DF'),
(416, '', '', '', 50, NULL, NULL, '2018-11-11 10:42:00', '2018-11-11 10:42:00', '', NULL, 'DF'),
(417, '', '', '', 50, NULL, NULL, '2018-11-11 10:42:00', '2018-11-11 10:42:00', '', NULL, 'DF'),
(418, '', '', '', 50, NULL, NULL, '2018-11-11 10:42:21', '2018-11-11 10:42:21', '', NULL, 'DF'),
(419, '', '', '', 50, NULL, NULL, '2018-11-11 10:46:37', '2018-11-11 10:46:37', '', NULL, 'DF'),
(420, '', '', '', 50, NULL, NULL, '2018-11-11 10:46:39', '2018-11-11 10:46:39', '', NULL, 'DF'),
(421, '', '', '', 50, NULL, NULL, '2018-11-11 10:47:56', '2018-11-11 10:47:56', '', NULL, 'DF'),
(422, '', '', '', 50, NULL, NULL, '2018-11-11 10:48:49', '2018-11-11 10:48:49', '', NULL, 'DF'),
(423, '', '', '', 50, NULL, NULL, '2018-11-11 10:50:21', '2018-11-11 10:50:21', '', NULL, 'DF'),
(424, '', '', '', 50, NULL, NULL, '2018-11-11 10:50:41', '2018-11-11 10:50:41', '', NULL, 'DF'),
(425, '', '', '', 50, NULL, NULL, '2018-11-11 10:52:11', '2018-11-11 10:52:11', '', NULL, 'DF'),
(426, '', '', '', 50, NULL, NULL, '2018-11-11 10:52:19', '2018-11-11 10:52:19', '', NULL, 'DF'),
(427, '', '', '', 50, NULL, NULL, '2018-11-11 10:52:31', '2018-11-11 10:52:31', '', NULL, 'DF'),
(428, '', '', '', 50, NULL, NULL, '2018-11-11 10:52:39', '2018-11-11 10:52:39', '', NULL, 'DF'),
(429, '', '', '', 50, NULL, NULL, '2018-11-11 10:52:56', '2018-11-11 10:52:56', '', NULL, 'DF'),
(430, '', '', '', 50, NULL, NULL, '2018-11-11 13:50:52', '2018-11-11 13:50:52', '', NULL, 'DF'),
(431, '', '', '', 50, NULL, NULL, '2018-11-11 13:50:58', '2018-11-11 13:50:58', '', NULL, 'DF'),
(432, '', '', '', 50, NULL, NULL, '2018-11-11 13:50:59', '2018-11-11 13:50:59', '', NULL, 'DF'),
(433, '', '', '', 50, NULL, NULL, '2018-11-11 13:51:00', '2018-11-11 13:51:00', '', NULL, 'DF'),
(434, '', '', '', 50, NULL, NULL, '2018-11-11 13:51:00', '2018-11-11 13:51:00', '', NULL, 'DF'),
(435, '', '', '', 50, NULL, NULL, '2018-11-11 13:51:00', '2018-11-11 13:51:00', '', NULL, 'DF'),
(436, '', '', '', 50, NULL, NULL, '2018-11-11 13:51:07', '2018-11-11 13:51:07', '', NULL, 'DF'),
(437, '', '', '', 50, NULL, NULL, '2018-11-11 13:51:16', '2018-11-11 13:51:16', '', NULL, 'DF'),
(438, '', '', '', 50, NULL, NULL, '2018-11-11 13:54:15', '2018-11-11 13:54:15', '', NULL, 'DF'),
(439, '', '', '', 50, NULL, NULL, '2018-11-11 13:55:21', '2018-11-11 13:55:21', '', NULL, 'DF'),
(440, '', '', '', 50, NULL, NULL, '2018-11-11 14:40:58', '2018-11-11 14:40:58', '', NULL, 'DF'),
(441, '', '', '', 50, NULL, NULL, '2018-11-12 10:47:20', '2018-11-12 10:47:20', '', NULL, 'DF'),
(442, '', '', '', 50, NULL, NULL, '2018-11-12 10:47:38', '2018-11-12 10:47:38', '', NULL, 'DF'),
(443, '', '', '', 50, NULL, NULL, '2018-11-12 10:48:15', '2018-11-12 10:48:15', '', NULL, 'DF'),
(444, '', '', '', 50, NULL, NULL, '2018-11-12 10:48:16', '2018-11-12 10:48:16', '', NULL, 'DF'),
(445, '', '', '', 50, NULL, NULL, '2018-11-12 10:48:19', '2018-11-12 10:48:19', '', NULL, 'DF'),
(446, '', '', '', 50, NULL, NULL, '2018-11-15 16:09:58', '2018-11-15 16:09:58', '', NULL, 'DF'),
(447, '', '', '', 50, NULL, NULL, '2018-11-15 16:41:29', '2018-11-15 16:41:29', '', NULL, 'DF'),
(448, '', '', '', 50, NULL, NULL, '2018-11-18 09:26:19', '2018-11-18 09:26:19', '', NULL, 'DF'),
(449, '', '', '', 50, NULL, NULL, '2018-11-19 13:56:03', '2018-11-19 13:56:03', '', NULL, 'DF'),
(450, '', '', '', 50, NULL, NULL, '2018-11-21 09:31:07', '2018-11-21 09:31:07', '', NULL, 'DF'),
(451, '', '', '', 50, NULL, NULL, '2018-11-22 15:02:02', '2018-11-22 15:02:02', '', NULL, 'DF'),
(452, '', '', '', 50, NULL, NULL, '2018-11-27 13:34:50', '2018-11-27 13:34:50', '', NULL, 'DF'),
(453, '', '', '', 50, NULL, NULL, '2018-11-27 13:37:10', '2018-11-27 13:37:10', '', NULL, 'DF'),
(454, '', '', '', 50, NULL, NULL, '2018-11-27 13:37:18', '2018-11-27 13:37:18', '', NULL, 'DF'),
(455, '', '', '', 50, NULL, NULL, '2018-11-27 13:39:13', '2018-11-27 13:39:13', '', NULL, 'DF'),
(456, '', '', '', 50, NULL, NULL, '2018-11-27 13:39:42', '2018-11-27 13:39:42', '', NULL, 'DF'),
(457, '', '', '', 50, NULL, NULL, '2018-11-27 13:40:14', '2018-11-27 13:40:14', '', NULL, 'DF'),
(458, '', '', '', 50, NULL, NULL, '2018-11-27 13:40:15', '2018-11-27 13:40:15', '', NULL, 'DF'),
(459, '', '', '', 50, NULL, NULL, '2018-11-27 13:40:16', '2018-11-27 13:40:16', '', NULL, 'DF'),
(460, '', '', '', 50, NULL, NULL, '2018-11-27 13:40:41', '2018-11-27 13:40:41', '', NULL, 'DF'),
(461, '', '', '', 50, NULL, NULL, '2018-11-27 13:40:44', '2018-11-27 13:40:44', '', NULL, 'DF'),
(462, '', '', '', 50, NULL, NULL, '2018-11-27 13:40:44', '2018-11-27 13:40:44', '', NULL, 'DF'),
(463, '', '', '', 50, NULL, NULL, '2018-11-27 13:41:04', '2018-11-27 13:41:04', '', NULL, 'DF'),
(464, '', '', '', 50, NULL, NULL, '2018-11-27 13:42:16', '2018-11-27 13:42:16', '', NULL, 'DF'),
(465, '', '', '', 50, NULL, NULL, '2018-11-27 13:44:19', '2018-11-27 13:44:19', '', NULL, 'DF'),
(466, '', '', '', 50, NULL, NULL, '2018-11-27 13:44:30', '2018-11-27 13:44:30', '', NULL, 'DF'),
(467, '', '', '', 50, NULL, NULL, '2018-11-27 13:44:55', '2018-11-27 13:44:55', '', NULL, 'DF'),
(468, '', '', '', 50, NULL, NULL, '2018-11-27 13:46:25', '2018-11-27 13:46:25', '', NULL, 'DF'),
(469, '', '', '', 50, NULL, NULL, '2018-11-27 13:46:28', '2018-11-27 13:46:28', '', NULL, 'DF'),
(470, '', '', '', 50, NULL, NULL, '2018-11-27 13:46:46', '2018-11-27 13:46:46', '', NULL, 'DF'),
(471, '', '', '', 50, NULL, NULL, '2018-11-27 13:47:51', '2018-11-27 13:47:51', '', NULL, 'DF'),
(472, '', '', '', 50, NULL, NULL, '2018-11-27 13:47:55', '2018-11-27 13:47:55', '', NULL, 'DF'),
(473, '', '', '', 50, NULL, NULL, '2018-11-27 13:49:02', '2018-11-27 13:49:02', '', NULL, 'DF'),
(474, '', '', '', 50, NULL, NULL, '2018-11-27 13:49:49', '2018-11-27 13:49:49', '', NULL, 'DF'),
(475, '', '', '', 50, NULL, NULL, '2018-11-27 13:50:08', '2018-11-27 13:50:08', '', NULL, 'DF'),
(476, '', '', '', 50, NULL, NULL, '2018-11-27 13:51:13', '2018-11-27 13:51:13', '', NULL, 'DF'),
(477, '', '', '', 50, NULL, NULL, '2018-11-27 13:51:48', '2018-11-27 13:51:48', '', NULL, 'DF'),
(478, '', '', '', 50, NULL, NULL, '2018-11-27 13:52:10', '2018-11-27 13:52:10', '', NULL, 'DF'),
(479, '', '', '', 50, NULL, NULL, '2018-11-27 13:53:35', '2018-11-27 13:53:35', '', NULL, 'DF'),
(480, '', '', '', 50, NULL, NULL, '2018-11-27 13:54:00', '2018-11-27 13:54:00', '', NULL, 'DF'),
(481, '', '', '', 50, NULL, NULL, '2018-11-27 13:54:12', '2018-11-27 13:54:12', '', NULL, 'DF'),
(482, '', '', '', 50, NULL, NULL, '2018-11-27 13:56:49', '2018-11-27 13:56:49', '', NULL, 'DF'),
(483, '', '', '', 50, NULL, NULL, '2018-11-27 13:56:58', '2018-11-27 13:56:58', '', NULL, 'DF'),
(484, '', '', '', 50, NULL, NULL, '2018-11-27 13:57:06', '2018-11-27 13:57:06', '', NULL, 'DF'),
(485, '', '', '', 50, NULL, NULL, '2018-11-27 13:57:06', '2018-11-27 13:57:06', '', NULL, 'DF'),
(486, '', '', '', 50, NULL, NULL, '2018-11-27 13:57:59', '2018-11-27 13:57:59', '', NULL, 'DF'),
(487, '', '', '', 50, NULL, NULL, '2018-11-27 13:58:02', '2018-11-27 13:58:02', '', NULL, 'DF'),
(488, '', '', '', 50, NULL, NULL, '2018-11-27 13:59:29', '2018-11-27 13:59:29', '', NULL, 'DF'),
(489, '', '', '', 50, NULL, NULL, '2018-11-27 14:00:05', '2018-11-27 14:00:05', '', NULL, 'DF'),
(490, '', '', '', 50, NULL, NULL, '2018-11-27 14:01:01', '2018-11-27 14:01:01', '', NULL, 'DF'),
(491, '', '', '', 50, NULL, NULL, '2018-11-27 14:01:06', '2018-11-27 14:01:06', '', NULL, 'DF'),
(492, '', '', '', 50, NULL, NULL, '2018-11-27 14:02:14', '2018-11-27 14:02:14', '', NULL, 'DF'),
(493, '', '', '', 50, NULL, NULL, '2018-11-27 14:03:02', '2018-11-27 14:03:02', '', NULL, 'DF'),
(494, '', '', '', 50, NULL, NULL, '2018-11-27 14:03:06', '2018-11-27 14:03:06', '', NULL, 'DF'),
(495, '', '', '', 50, NULL, NULL, '2018-11-27 14:03:10', '2018-11-27 14:03:10', '', NULL, 'DF'),
(496, '', '', '', 50, NULL, NULL, '2018-11-27 14:03:38', '2018-11-27 14:03:38', '', NULL, 'DF'),
(497, '', '', '', 50, NULL, NULL, '2018-11-27 14:03:50', '2018-11-27 14:03:50', '', NULL, 'DF'),
(498, '', '', '', 50, NULL, NULL, '2018-11-27 14:04:34', '2018-11-27 14:04:34', '', NULL, 'DF'),
(499, '', '', '', 50, NULL, NULL, '2018-11-27 14:04:39', '2018-11-27 14:04:39', '', NULL, 'DF'),
(500, '', '', '', 50, NULL, NULL, '2018-11-27 14:04:47', '2018-11-27 14:04:47', '', NULL, 'DF'),
(501, '', '', '', 50, NULL, NULL, '2018-11-27 14:05:14', '2018-11-27 14:05:14', '', NULL, 'DF'),
(502, '', '', '', 50, NULL, NULL, '2018-11-27 14:05:15', '2018-11-27 14:05:15', '', NULL, 'DF'),
(503, '', '', '', 50, NULL, NULL, '2018-11-27 14:05:15', '2018-11-27 14:05:15', '', NULL, 'DF'),
(504, '', '', '', 50, NULL, NULL, '2018-11-27 14:05:28', '2018-11-27 14:05:28', '', NULL, 'DF'),
(505, '', '', '', 50, NULL, NULL, '2018-11-27 14:05:53', '2018-11-27 14:05:53', '', NULL, 'DF'),
(506, '', '', '', 50, NULL, NULL, '2018-11-27 14:05:58', '2018-11-27 14:05:58', '', NULL, 'DF'),
(507, '', '', '', 50, NULL, NULL, '2018-11-27 14:06:09', '2018-11-27 14:06:09', '', NULL, 'DF'),
(508, '', '', '', 50, NULL, NULL, '2018-11-27 14:06:39', '2018-11-27 14:06:39', '', NULL, 'DF'),
(509, '', '', '', 50, NULL, NULL, '2018-11-27 14:07:06', '2018-11-27 14:07:06', '', NULL, 'DF'),
(510, '', '', '', 50, NULL, NULL, '2018-11-27 14:07:43', '2018-11-27 14:07:43', '', NULL, 'DF'),
(511, '', '', '', 50, NULL, NULL, '2018-11-27 14:07:53', '2018-11-27 14:07:53', '', NULL, 'DF'),
(512, '', '', '', 50, NULL, NULL, '2018-11-27 14:08:06', '2018-11-27 14:08:06', '', NULL, 'DF'),
(513, '', '', '', 50, NULL, NULL, '2018-11-27 14:08:39', '2018-11-27 14:08:39', '', NULL, 'DF'),
(514, '', '', '', 50, NULL, NULL, '2018-11-27 14:08:59', '2018-11-27 14:08:59', '', NULL, 'DF'),
(515, '', '', '', 50, NULL, NULL, '2018-11-27 14:09:25', '2018-11-27 14:09:25', '', NULL, 'DF'),
(516, '', '', '', 50, NULL, NULL, '2018-11-27 14:09:25', '2018-11-27 14:09:25', '', NULL, 'DF'),
(517, '', '', '', 8, NULL, NULL, '2018-11-27 14:09:29', '2018-11-27 14:09:29', '', NULL, 'DF'),
(518, '', '', '', 8, NULL, NULL, '2018-11-27 14:10:36', '2018-11-27 14:10:36', '', NULL, 'DF'),
(519, '', '', '', 8, NULL, NULL, '2018-11-27 14:10:44', '2018-11-27 14:10:44', '', NULL, 'DF'),
(520, '', '', '', 8, NULL, NULL, '2018-11-27 14:10:46', '2018-11-27 14:10:46', '', NULL, 'DF'),
(521, '', '', '', 50, NULL, NULL, '2018-11-27 14:10:50', '2018-11-27 14:10:50', '', NULL, 'DF'),
(522, '', '', '', 50, NULL, NULL, '2018-11-27 14:10:59', '2018-11-27 14:10:59', '', NULL, 'DF'),
(523, '', '', '', 8, NULL, NULL, '2018-11-27 14:11:09', '2018-11-27 14:11:09', '', NULL, 'DF'),
(524, '', '', '', 8, NULL, NULL, '2018-11-27 14:11:15', '2018-11-27 14:11:15', '', NULL, 'DF'),
(525, '', '', '', 8, NULL, NULL, '2018-11-27 14:11:35', '2018-11-27 14:11:35', '', NULL, 'DF'),
(526, '', '', '', 8, NULL, NULL, '2018-11-27 14:11:43', '2018-11-27 14:11:43', '', NULL, 'DF'),
(527, '', '', '', 8, NULL, NULL, '2018-11-27 14:11:43', '2018-11-27 14:11:43', '', NULL, 'DF'),
(528, '', '', '', 8, NULL, NULL, '2018-11-27 14:11:45', '2018-11-27 14:11:45', '', NULL, 'DF'),
(529, '', '', '', 50, NULL, NULL, '2018-11-27 14:11:48', '2018-11-27 14:11:48', '', NULL, 'DF'),
(530, '', '', '', 8, NULL, NULL, '2018-11-27 14:12:00', '2018-11-27 14:12:00', '', NULL, 'DF'),
(531, '', '', '', 50, NULL, NULL, '2018-11-27 14:12:08', '2018-11-27 14:12:08', '', NULL, 'DF'),
(532, '', '', '', 50, NULL, NULL, '2018-11-27 14:12:57', '2018-11-27 14:12:57', '', NULL, 'DF'),
(533, '', '', '', 50, NULL, NULL, '2018-11-27 14:12:57', '2018-11-27 14:12:57', '', NULL, 'DF'),
(534, '', '', '', 50, NULL, NULL, '2018-11-27 14:12:57', '2018-11-27 14:12:57', '', NULL, 'DF'),
(535, '', '', '', 50, NULL, NULL, '2018-11-27 14:12:57', '2018-11-27 14:12:57', '', NULL, 'DF'),
(536, '', '', '', 50, NULL, NULL, '2018-11-27 14:12:57', '2018-11-27 14:12:57', '', NULL, 'DF'),
(537, '', '', '', 50, NULL, NULL, '2018-11-27 14:12:58', '2018-11-27 14:12:58', '', NULL, 'DF'),
(538, '', '', '', 50, NULL, NULL, '2018-11-27 14:12:58', '2018-11-27 14:12:58', '', NULL, 'DF'),
(539, '', '', '', 50, NULL, NULL, '2018-11-27 14:12:58', '2018-11-27 14:12:58', '', NULL, 'DF'),
(540, '', '', '', 50, NULL, NULL, '2018-11-27 14:12:58', '2018-11-27 14:12:58', '', NULL, 'DF'),
(541, '', '', '', 50, NULL, NULL, '2018-11-27 14:12:58', '2018-11-27 14:12:58', '', NULL, 'DF'),
(542, '', '', '', 50, NULL, NULL, '2018-11-27 14:12:58', '2018-11-27 14:12:58', '', NULL, 'DF'),
(543, '', '', '', 50, NULL, NULL, '2018-11-27 14:13:02', '2018-11-27 14:13:02', '', NULL, 'DF'),
(544, '', '', '', 50, NULL, NULL, '2018-11-27 14:13:02', '2018-11-27 14:13:02', '', NULL, 'DF'),
(545, '', '', '', 50, NULL, NULL, '2018-11-27 14:13:02', '2018-11-27 14:13:02', '', NULL, 'DF'),
(546, '', '', '', 50, NULL, NULL, '2018-11-27 14:13:02', '2018-11-27 14:13:02', '', NULL, 'DF'),
(547, '', '', '', 50, NULL, NULL, '2018-11-27 14:13:02', '2018-11-27 14:13:02', '', NULL, 'DF'),
(548, '', '', '', 50, NULL, NULL, '2018-11-27 14:13:10', '2018-11-27 14:13:10', '', NULL, 'DF'),
(549, '', '', '', 50, NULL, NULL, '2018-11-27 14:13:15', '2018-11-27 14:13:15', '', NULL, 'DF'),
(550, '', '', '', 50, NULL, NULL, '2018-11-27 14:14:15', '2018-11-27 14:14:15', '', NULL, 'DF'),
(551, '', '', '', 50, NULL, NULL, '2018-11-27 14:14:24', '2018-11-27 14:14:24', '', NULL, 'DF'),
(552, '', '', '', 50, NULL, NULL, '2018-11-27 14:14:25', '2018-11-27 14:14:25', '', NULL, 'DF'),
(553, '', '', '', 50, NULL, NULL, '2018-11-27 14:14:25', '2018-11-27 14:14:25', '', NULL, 'DF'),
(554, '', '', '', 50, NULL, NULL, '2018-11-27 14:14:25', '2018-11-27 14:14:25', '', NULL, 'DF'),
(555, '', '', '', 50, NULL, NULL, '2018-11-27 14:14:26', '2018-11-27 14:14:26', '', NULL, 'DF'),
(556, '', '', '', 50, NULL, NULL, '2018-11-27 14:14:26', '2018-11-27 14:14:26', '', NULL, 'DF'),
(557, '', '', '', 50, NULL, NULL, '2018-11-27 14:14:26', '2018-11-27 14:14:26', '', NULL, 'DF'),
(558, '', '', '', 50, NULL, NULL, '2018-11-27 14:14:26', '2018-11-27 14:14:26', '', NULL, 'DF'),
(559, '', '', '', 50, NULL, NULL, '2018-11-27 14:14:26', '2018-11-27 14:14:26', '', NULL, 'DF'),
(560, '', '', '', 50, NULL, NULL, '2018-11-27 14:14:26', '2018-11-27 14:14:26', '', NULL, 'DF'),
(561, '', '', '', 50, NULL, NULL, '2018-11-27 14:14:26', '2018-11-27 14:14:26', '', NULL, 'DF'),
(562, '', '', '', 50, NULL, NULL, '2018-11-27 14:14:29', '2018-11-27 14:14:29', '', NULL, 'DF'),
(563, '', '', '', 50, NULL, NULL, '2018-11-27 14:14:29', '2018-11-27 14:14:29', '', NULL, 'DF'),
(564, '', '', '', 50, NULL, NULL, '2018-11-27 14:14:30', '2018-11-27 14:14:30', '', NULL, 'DF'),
(565, '', '', '', 50, NULL, NULL, '2018-11-27 14:14:30', '2018-11-27 14:14:30', '', NULL, 'DF'),
(566, '', '', '', 50, NULL, NULL, '2018-11-27 14:14:35', '2018-11-27 14:14:35', '', NULL, 'DF'),
(567, '', '', '', 50, NULL, NULL, '2018-11-27 14:16:31', '2018-11-27 14:16:31', '', NULL, 'DF'),
(568, '', '', '', 50, NULL, NULL, '2018-11-27 14:16:59', '2018-11-27 14:16:59', '', NULL, 'DF'),
(569, '', '', '', 50, NULL, NULL, '2018-11-27 14:17:28', '2018-11-27 14:17:28', '', NULL, 'DF'),
(570, '', '', '', 50, NULL, NULL, '2018-11-27 14:18:21', '2018-11-27 14:18:21', '', NULL, 'DF'),
(571, '', '', '', 50, NULL, NULL, '2018-11-27 14:18:51', '2018-11-27 14:18:51', '', NULL, 'DF'),
(572, '', '', '', 50, NULL, NULL, '2018-11-27 14:20:00', '2018-11-27 14:20:00', '', NULL, 'DF'),
(573, '', '', '', 50, NULL, NULL, '2018-11-27 14:30:48', '2018-11-27 14:30:48', '', NULL, 'DF'),
(574, '', '', '', 50, NULL, NULL, '2018-11-27 14:30:52', '2018-11-27 14:30:52', '', NULL, 'DF'),
(575, '', '', '', 50, NULL, NULL, '2018-11-27 14:30:54', '2018-11-27 14:30:54', '', NULL, 'DF');
INSERT INTO `advertising_urls` (`id`, `adv_url`, `transaction_id`, `msisdn`, `operatorId`, `operatorName`, `status`, `created_at`, `updated_at`, `publisherId_macro`, `mobrain_token`, `ads_compnay_name`) VALUES
(576, '', '', '', 50, NULL, NULL, '2018-11-27 14:53:50', '2018-11-27 14:53:50', '', NULL, 'DF'),
(577, '', '', '', 50, NULL, NULL, '2018-11-27 14:53:51', '2018-11-27 14:53:51', '', NULL, 'DF'),
(578, '', '', '', 50, NULL, NULL, '2018-11-27 14:53:51', '2018-11-27 14:53:51', '', NULL, 'DF'),
(579, '', '', '', 50, NULL, NULL, '2018-11-27 14:53:57', '2018-11-27 14:53:57', '', NULL, 'DF'),
(580, '', '', '', 50, NULL, NULL, '2018-11-27 14:53:59', '2018-11-27 14:53:59', '', NULL, 'DF'),
(581, '', '', '', 50, NULL, NULL, '2018-11-27 14:54:20', '2018-11-27 14:54:20', '', NULL, 'DF'),
(582, '', '', '', 50, NULL, NULL, '2018-11-27 14:56:04', '2018-11-27 14:56:04', '', NULL, 'DF'),
(583, '', '', '', 50, NULL, NULL, '2018-11-27 14:56:07', '2018-11-27 14:56:07', '', NULL, 'DF'),
(584, '', '', '', 50, NULL, NULL, '2018-11-27 14:56:14', '2018-11-27 14:56:14', '', NULL, 'DF'),
(585, '', '', '', 50, NULL, NULL, '2018-11-27 14:58:08', '2018-11-27 14:58:08', '', NULL, 'DF'),
(586, '', '', '', 50, NULL, NULL, '2018-11-27 15:01:31', '2018-11-27 15:01:31', '', NULL, 'DF'),
(587, '', '', '', 50, NULL, NULL, '2018-11-27 15:03:58', '2018-11-27 15:03:58', '', NULL, 'DF'),
(588, '', '', '', 50, NULL, NULL, '2018-11-27 15:07:57', '2018-11-27 15:07:57', '', NULL, 'DF'),
(589, '', '', '', 50, NULL, NULL, '2018-11-27 15:07:59', '2018-11-27 15:07:59', '', NULL, 'DF'),
(590, '', '', '', 50, NULL, NULL, '2018-11-27 15:17:12', '2018-11-27 15:17:12', '', NULL, 'DF'),
(591, '', '', '', 50, NULL, NULL, '2018-11-27 15:18:01', '2018-11-27 15:18:01', '', NULL, 'DF'),
(592, '', '', '', 50, NULL, NULL, '2018-11-27 15:18:01', '2018-11-27 15:18:01', '', NULL, 'DF'),
(593, '', '', '', 50, NULL, NULL, '2018-11-27 15:18:01', '2018-11-27 15:18:01', '', NULL, 'DF'),
(594, '', '', '', 50, NULL, NULL, '2018-11-27 15:27:24', '2018-11-27 15:27:24', '', NULL, 'DF'),
(595, '', '', '', 50, NULL, NULL, '2018-11-27 15:27:54', '2018-11-27 15:27:54', '', NULL, 'DF'),
(596, '', '', '', 50, NULL, NULL, '2018-11-27 15:28:02', '2018-11-27 15:28:02', '', NULL, 'DF'),
(597, '', '', '', 50, NULL, NULL, '2018-11-27 15:28:02', '2018-11-27 15:28:02', '', NULL, 'DF'),
(598, '', '', '', 50, NULL, NULL, '2018-11-27 15:28:02', '2018-11-27 15:28:02', '', NULL, 'DF'),
(599, '', '', '', 50, NULL, NULL, '2018-11-27 15:45:44', '2018-11-27 15:45:44', '', NULL, 'DF'),
(600, '', '', '', 50, NULL, NULL, '2018-11-28 07:39:14', '2018-11-28 07:39:14', '', NULL, 'DF'),
(601, '', '', '', 50, NULL, NULL, '2018-11-28 07:46:55', '2018-11-28 07:46:55', '', NULL, 'DF'),
(602, '', '', '', 50, NULL, NULL, '2018-11-28 07:48:43', '2018-11-28 07:48:43', '', NULL, 'DF'),
(603, '', '', '', 50, NULL, NULL, '2018-11-28 07:53:44', '2018-11-28 07:53:44', '', NULL, 'DF'),
(604, '', '', '', 50, NULL, NULL, '2018-11-28 08:07:17', '2018-11-28 08:07:17', '', NULL, 'DF'),
(605, '', '', '', 50, NULL, NULL, '2018-11-28 08:08:17', '2018-11-28 08:08:17', '', NULL, 'DF'),
(606, '', '', '', 50, NULL, NULL, '2018-11-28 08:33:13', '2018-11-28 08:33:13', '', NULL, 'DF'),
(607, '', '', '', 50, NULL, NULL, '2018-11-28 08:53:41', '2018-11-28 08:53:41', '', NULL, 'DF'),
(608, '', '', '', 50, NULL, NULL, '2018-11-28 08:55:28', '2018-11-28 08:55:28', '', NULL, 'DF'),
(609, '', '', '', 50, NULL, NULL, '2018-11-28 08:58:28', '2018-11-28 08:58:28', '', NULL, 'DF'),
(610, '', '', '', 50, NULL, NULL, '2018-11-28 08:58:41', '2018-11-28 08:58:41', '', NULL, 'DF'),
(611, '', '', '', 50, NULL, NULL, '2018-11-28 08:59:15', '2018-11-28 08:59:15', '', NULL, 'DF'),
(612, '', '', '', 50, NULL, NULL, '2018-11-28 08:59:29', '2018-11-28 08:59:29', '', NULL, 'DF'),
(613, '', '', '', 50, NULL, NULL, '2018-11-28 08:59:35', '2018-11-28 08:59:35', '', NULL, 'DF'),
(614, '', '', '', 50, NULL, NULL, '2018-11-28 10:08:20', '2018-11-28 10:08:20', '', NULL, 'DF'),
(615, '', '', '', 50, NULL, NULL, '2018-11-28 11:16:39', '2018-11-28 11:16:39', '', NULL, 'DF'),
(616, '', '', '', 50, NULL, NULL, '2018-11-28 11:17:19', '2018-11-28 11:17:19', '', NULL, 'DF'),
(617, '', '', '', 50, NULL, NULL, '2018-11-28 11:17:38', '2018-11-28 11:17:38', '', NULL, 'DF'),
(618, '', '', '', 50, NULL, NULL, '2018-11-28 11:17:57', '2018-11-28 11:17:57', '', NULL, 'DF'),
(619, '', '', '', 50, NULL, NULL, '2018-11-28 13:15:39', '2018-11-28 13:15:39', '', NULL, 'DF'),
(620, '', '', '', 50, NULL, NULL, '2018-11-28 13:16:17', '2018-11-28 13:16:17', '', NULL, 'DF'),
(621, NULL, '', '962{\"msisdn\":\"962[]\"', 8, 'zain_jordon', 1, '2018-11-28 13:16:27', '2018-11-28 13:16:27', NULL, NULL, 'DF'),
(622, '', '', '', 50, NULL, NULL, '2018-11-28 13:17:44', '2018-11-28 13:17:44', '', NULL, 'DF'),
(623, '', '', '', 50, NULL, NULL, '2018-11-28 13:17:46', '2018-11-28 13:17:46', '', NULL, 'DF'),
(624, NULL, '', '962{\"msisdn\":\"962[]\"', 8, 'zain_jordon', 1, '2018-11-28 13:18:02', '2018-11-28 13:18:02', NULL, NULL, 'DF'),
(625, '', '', '', 50, NULL, NULL, '2018-11-28 13:20:38', '2018-11-28 13:20:38', '', NULL, 'DF'),
(626, '', '', '', 50, NULL, NULL, '2018-11-28 13:21:01', '2018-11-28 13:21:01', '', NULL, 'DF'),
(627, '', '', '', 50, NULL, NULL, '2018-11-28 13:21:38', '2018-11-28 13:21:38', '', NULL, 'DF'),
(628, '', '', '', 50, NULL, NULL, '2018-11-28 13:23:36', '2018-11-28 13:23:36', '', NULL, 'DF'),
(629, NULL, '', '962{\"msisdn\":\"962[]\"', 8, 'zain_jordon', 1, '2018-11-28 13:23:48', '2018-11-28 13:23:48', NULL, NULL, 'DF'),
(630, '', '', '', 50, NULL, NULL, '2018-11-28 13:24:53', '2018-11-28 13:24:53', '', NULL, 'DF'),
(631, NULL, '', '962795877070', 8, 'zain_jordon', 1, '2018-11-28 13:25:05', '2018-11-28 13:25:05', NULL, NULL, 'DF'),
(632, '', '', '', 50, NULL, NULL, '2018-11-28 13:26:29', '2018-11-28 13:26:29', '', NULL, 'DF'),
(633, NULL, '', '962795877070', 8, 'zain_jordon', 1, '2018-11-28 13:26:40', '2018-11-28 13:26:40', NULL, NULL, 'DF'),
(634, '', '', '', 50, NULL, NULL, '2018-11-28 13:28:54', '2018-11-28 13:28:54', '', NULL, 'DF'),
(635, '', '', '', 50, NULL, NULL, '2018-11-28 13:29:17', '2018-11-28 13:29:17', '', NULL, 'DF'),
(636, '', '', '', 50, NULL, NULL, '2018-11-28 13:31:38', '2018-11-28 13:31:38', '', NULL, 'DF'),
(637, '', '', '96566782477', 50, 'ooredoo_kuwait', NULL, '2018-11-28 13:31:44', '2018-11-28 13:31:44', NULL, NULL, 'DF'),
(638, '', '', '', 50, NULL, NULL, '2018-11-28 14:13:01', '2018-11-28 14:13:01', '', NULL, 'DF'),
(639, '', '', '', 50, NULL, NULL, '2018-11-28 14:39:03', '2018-11-28 14:39:03', '', NULL, 'DF'),
(640, '', '', '', 8, NULL, NULL, '2018-11-28 14:39:10', '2018-11-28 14:39:10', '', NULL, 'DF'),
(641, '', '', '', 8, NULL, NULL, '2018-11-28 14:39:14', '2018-11-28 14:39:14', '', NULL, 'DF'),
(642, '', '', '', 8, NULL, NULL, '2018-11-28 14:39:22', '2018-11-28 14:39:22', '', NULL, 'DF'),
(643, '', '', '', 50, NULL, NULL, '2018-11-28 14:39:40', '2018-11-28 14:39:40', '', NULL, 'DF'),
(644, '', '', '', 8, NULL, NULL, '2018-11-28 14:39:58', '2018-11-28 14:39:58', '', NULL, 'DF'),
(645, '', '', '', 8, NULL, NULL, '2018-11-28 14:40:01', '2018-11-28 14:40:01', '', NULL, 'DF'),
(646, '', '', '', 8, NULL, NULL, '2018-11-28 14:40:10', '2018-11-28 14:40:10', '', NULL, 'DF'),
(647, '', '', '', 8, NULL, NULL, '2018-11-28 14:41:49', '2018-11-28 14:41:49', '', NULL, 'DF'),
(648, '', '', '', 50, NULL, NULL, '2018-11-28 14:45:17', '2018-11-28 14:45:17', '', NULL, 'DF'),
(649, '', '', '', 50, NULL, NULL, '2018-11-28 14:45:19', '2018-11-28 14:45:19', '', NULL, 'DF'),
(650, '', '', '', 50, NULL, NULL, '2018-11-28 14:45:30', '2018-11-28 14:45:30', '', NULL, 'DF'),
(651, '', '', '', 50, NULL, NULL, '2018-11-28 14:46:17', '2018-11-28 14:46:17', '', NULL, 'DF'),
(652, '', '', '', 50, NULL, NULL, '2018-11-28 14:47:20', '2018-11-28 14:47:20', '', NULL, 'DF'),
(653, '', '', '', 50, NULL, NULL, '2018-11-28 14:48:54', '2018-11-28 14:48:54', '', NULL, 'DF'),
(654, '', '', '', 50, NULL, NULL, '2018-11-28 14:49:02', '2018-11-28 14:49:02', '', NULL, 'DF'),
(655, '', '', '', 50, NULL, NULL, '2018-11-28 15:04:01', '2018-11-28 15:04:01', '', NULL, 'DF'),
(656, '', '', '', 50, NULL, NULL, '2018-11-28 15:04:12', '2018-11-28 15:04:12', '', NULL, 'DF'),
(657, '', '', '', 50, NULL, NULL, '2018-11-29 07:21:16', '2018-11-29 07:21:16', '', NULL, 'DF'),
(658, '', '', '', 50, NULL, NULL, '2018-11-29 08:15:14', '2018-11-29 08:15:14', '', NULL, 'DF'),
(659, '', '', '', 50, NULL, NULL, '2018-11-29 08:55:00', '2018-11-29 08:55:00', '', NULL, 'DF'),
(660, '', '', '', 50, NULL, NULL, '2018-11-29 09:20:04', '2018-11-29 09:20:04', '', NULL, 'DF'),
(661, '', '', '', 50, NULL, NULL, '2018-11-29 09:44:23', '2018-11-29 09:44:23', '', NULL, 'DF'),
(662, '', '', '', 50, NULL, NULL, '2018-11-29 10:06:52', '2018-11-29 10:06:52', '', NULL, 'DF'),
(663, '', '', '', 50, NULL, NULL, '2018-11-29 10:17:48', '2018-11-29 10:17:48', '', NULL, 'DF'),
(664, '', '', '', 50, NULL, NULL, '2018-11-29 10:18:10', '2018-11-29 10:18:10', '', NULL, 'DF'),
(665, '', '', '', 50, NULL, NULL, '2018-11-29 11:15:06', '2018-11-29 11:15:06', '', NULL, 'DF'),
(666, '', '', '', 50, NULL, NULL, '2018-11-29 13:19:07', '2018-11-29 13:19:07', '', NULL, 'DF'),
(667, '', '', '', 50, NULL, NULL, '2018-11-29 14:46:35', '2018-11-29 14:46:35', '', NULL, 'DF'),
(668, '', '', '', 50, NULL, NULL, '2018-11-29 16:21:59', '2018-11-29 16:21:59', '', NULL, 'DF'),
(669, '', '', '', 50, NULL, NULL, '2018-12-04 12:42:03', '2018-12-04 12:42:03', '', NULL, 'DF'),
(670, '', '', '', 50, NULL, NULL, '2018-12-04 12:46:39', '2018-12-04 12:46:39', '', NULL, 'DF'),
(671, '', '', '', 50, NULL, NULL, '2018-12-04 12:46:54', '2018-12-04 12:46:54', '', NULL, 'DF'),
(672, '', '', '', 50, NULL, NULL, '2018-12-04 12:47:19', '2018-12-04 12:47:19', '', NULL, 'DF'),
(673, '', '', '', 50, NULL, NULL, '2018-12-04 12:47:46', '2018-12-04 12:47:46', '', NULL, 'DF'),
(674, '', '', '', 50, NULL, NULL, '2018-12-04 12:48:15', '2018-12-04 12:48:15', '', NULL, 'DF'),
(675, '', '', '', 50, NULL, NULL, '2018-12-04 12:48:23', '2018-12-04 12:48:23', '', NULL, 'DF'),
(676, '', '', '', 50, NULL, NULL, '2018-12-04 12:49:01', '2018-12-04 12:49:01', '', NULL, 'DF'),
(677, '', '', '', 50, NULL, NULL, '2018-12-04 12:50:16', '2018-12-04 12:50:16', '', NULL, 'DF'),
(678, '', '', '', 50, NULL, NULL, '2018-12-04 12:50:34', '2018-12-04 12:50:34', '', NULL, 'DF'),
(679, '', '', '', 50, NULL, NULL, '2018-12-04 12:52:33', '2018-12-04 12:52:33', '', NULL, 'DF'),
(680, '', '', '', 50, NULL, NULL, '2018-12-16 15:21:09', '2018-12-16 15:21:09', '', NULL, 'DF'),
(681, '', '', '', 50, NULL, NULL, '2018-12-24 07:46:12', '2018-12-24 07:46:12', '', NULL, 'DF'),
(682, '', '', '', 50, NULL, NULL, '2018-12-24 08:12:34', '2018-12-24 08:12:34', '', NULL, 'DF'),
(683, '', '', '', 50, NULL, NULL, '2018-12-27 13:34:33', '2018-12-27 13:34:33', '', NULL, 'DF'),
(684, '', '', '', 50, NULL, NULL, '2018-12-27 13:34:33', '2018-12-27 13:34:33', '', NULL, 'DF'),
(685, '', '', '', 50, NULL, NULL, '2018-12-27 13:35:12', '2018-12-27 13:35:12', '', NULL, 'DF'),
(686, NULL, '', '962795877070', 8, 'zain_jordon', 1, '2018-12-27 13:40:49', '2018-12-27 13:40:49', NULL, NULL, 'DF'),
(687, '', '', '', 50, NULL, NULL, '2019-01-08 07:24:20', '2019-01-08 07:24:20', '', NULL, 'DF'),
(688, '', '', '', 50, NULL, NULL, '2019-01-08 07:25:09', '2019-01-08 07:25:09', '', NULL, 'DF'),
(689, '', '', '', 50, NULL, NULL, '2019-01-08 07:33:16', '2019-01-08 07:33:16', '', NULL, 'DF'),
(690, '', '', '', 50, NULL, NULL, '2019-01-08 08:26:05', '2019-01-08 08:26:05', '', NULL, 'DF'),
(691, '', '', '', 50, NULL, NULL, '2019-01-08 10:21:34', '2019-01-08 10:21:34', '', NULL, 'DF'),
(692, '', '', '', 50, NULL, NULL, '2019-01-08 10:21:40', '2019-01-08 10:21:40', '', NULL, 'DF'),
(693, '', '', '', 50, NULL, NULL, '2019-01-08 10:22:52', '2019-01-08 10:22:52', '', NULL, 'DF'),
(694, '', '', '', 50, NULL, NULL, '2019-01-08 10:23:54', '2019-01-08 10:23:54', '', NULL, 'DF'),
(695, '', '', '', 50, NULL, NULL, '2019-01-08 10:25:46', '2019-01-08 10:25:46', '', NULL, 'DF'),
(696, '', '', '', 50, NULL, NULL, '2019-01-08 10:27:01', '2019-01-08 10:27:01', '', NULL, 'DF'),
(697, '', '', '', 50, NULL, NULL, '2019-01-08 10:27:28', '2019-01-08 10:27:28', '', NULL, 'DF'),
(698, '', '', '', 50, NULL, NULL, '2019-01-08 11:27:43', '2019-01-08 11:27:43', '', NULL, 'DF'),
(699, '', '', '', 50, NULL, NULL, '2019-01-08 14:00:35', '2019-01-08 14:00:35', '', NULL, 'DF'),
(700, '', '', '', 50, NULL, NULL, '2019-01-08 14:01:05', '2019-01-08 14:01:05', '', NULL, 'DF'),
(701, '', '', '', 50, NULL, NULL, '2019-01-08 14:01:31', '2019-01-08 14:01:31', '', NULL, 'DF'),
(702, '', '', '', 50, NULL, NULL, '2019-01-08 14:03:45', '2019-01-08 14:03:45', '', NULL, 'DF'),
(703, '', '', '', 50, NULL, NULL, '2019-01-08 14:04:28', '2019-01-08 14:04:28', '', NULL, 'DF'),
(704, '', '', '', 50, NULL, NULL, '2019-01-08 14:06:32', '2019-01-08 14:06:32', '', NULL, 'DF'),
(705, '', '', '', 50, NULL, NULL, '2019-01-08 14:07:17', '2019-01-08 14:07:17', '', NULL, 'DF'),
(706, '', '', '', 50, NULL, NULL, '2019-01-08 14:07:17', '2019-01-08 14:07:17', '', NULL, 'DF'),
(707, '', '', '', 50, NULL, NULL, '2019-01-08 14:07:37', '2019-01-08 14:07:37', '', NULL, 'DF'),
(708, '', '', '', 50, NULL, NULL, '2019-01-08 14:08:16', '2019-01-08 14:08:16', '', NULL, 'DF'),
(709, '', '', '', 50, NULL, NULL, '2019-01-08 14:08:17', '2019-01-08 14:08:17', '', NULL, 'DF'),
(710, '', '', '', 50, NULL, NULL, '2019-01-08 14:08:17', '2019-01-08 14:08:17', '', NULL, 'DF'),
(711, '', '', '', 50, NULL, NULL, '2019-01-08 14:09:07', '2019-01-08 14:09:07', '', NULL, 'DF'),
(712, '', '', '', 50, NULL, NULL, '2019-01-08 14:09:31', '2019-01-08 14:09:31', '', NULL, 'DF'),
(713, '', '', '', 50, NULL, NULL, '2019-01-08 14:09:50', '2019-01-08 14:09:50', '', NULL, 'DF'),
(714, '', '', '', 50, NULL, NULL, '2019-01-08 14:10:05', '2019-01-08 14:10:05', '', NULL, 'DF'),
(715, '', '', '', 50, NULL, NULL, '2019-01-08 14:11:01', '2019-01-08 14:11:01', '', NULL, 'DF'),
(716, '', '', '', 50, NULL, NULL, '2019-01-08 14:12:13', '2019-01-08 14:12:13', '', NULL, 'DF'),
(717, '', '', '', 50, NULL, NULL, '2019-01-08 14:12:36', '2019-01-08 14:12:36', '', NULL, 'DF'),
(718, '', '', '', 50, NULL, NULL, '2019-01-08 14:35:39', '2019-01-08 14:35:39', '', NULL, 'DF'),
(719, '', '', '', 50, NULL, NULL, '2019-01-08 14:35:48', '2019-01-08 14:35:48', '', NULL, 'DF'),
(720, '', '', '', 50, NULL, NULL, '2019-01-09 08:39:37', '2019-01-09 08:39:37', '', NULL, 'DF'),
(721, '', '', '', 50, NULL, NULL, '2019-01-09 08:44:19', '2019-01-09 08:44:19', '', NULL, 'DF'),
(722, '', '', '', 50, NULL, NULL, '2019-01-09 08:47:25', '2019-01-09 08:47:25', '', NULL, 'DF'),
(723, '', '', '', 50, NULL, NULL, '2019-01-09 09:21:46', '2019-01-09 09:21:46', '', NULL, 'DF'),
(724, '', '', '', 50, NULL, NULL, '2019-01-09 09:21:49', '2019-01-09 09:21:49', '', NULL, 'DF'),
(725, '', '', '', 50, NULL, NULL, '2019-01-09 09:47:52', '2019-01-09 09:47:52', '', NULL, 'DF'),
(726, '', '', '', 50, NULL, NULL, '2019-01-09 09:48:13', '2019-01-09 09:48:13', '', NULL, 'DF'),
(727, '', '', '', 50, NULL, NULL, '2019-01-10 07:35:44', '2019-01-10 07:35:44', '', NULL, 'DF'),
(728, '', '', '', 50, NULL, NULL, '2019-01-10 11:28:15', '2019-01-10 11:28:15', '', NULL, 'DF'),
(729, '', '', '', 50, NULL, NULL, '2019-01-10 11:28:22', '2019-01-10 11:28:22', '', NULL, 'DF'),
(730, '', '', '', 50, NULL, NULL, '2019-01-13 12:43:21', '2019-01-13 12:43:21', '', NULL, 'DF'),
(731, '', '', '', 50, NULL, NULL, '2019-01-21 17:15:35', '2019-01-21 17:15:35', '', NULL, 'DF'),
(732, '', '', '', 50, NULL, NULL, '2019-01-23 08:11:14', '2019-01-23 08:11:14', '', NULL, 'DF'),
(733, '', '', '', 50, NULL, NULL, '2019-01-23 08:11:58', '2019-01-23 08:11:58', '', NULL, 'DF'),
(734, '', '', '', 50, NULL, NULL, '2019-04-23 14:45:31', '2019-04-23 14:45:31', '', NULL, 'DF'),
(735, '', '', '', 50, NULL, NULL, '2019-05-22 08:34:46', '2019-05-22 08:34:46', '', NULL, 'DF'),
(736, '', '', '', 50, NULL, NULL, '2019-05-22 09:08:16', '2019-05-22 09:08:16', '', NULL, 'DF'),
(737, '', '', '96550167685', 50, 'ooredoo_kuwait', NULL, '2019-05-22 09:15:01', '2019-05-22 09:15:01', NULL, NULL, 'DF'),
(738, '', '', '', 50, NULL, NULL, '2019-06-09 07:33:36', '2019-06-09 07:33:36', '', NULL, 'DF'),
(739, '', '', '', 50, NULL, NULL, '2019-10-03 07:37:59', '2019-10-03 07:37:59', '', NULL, 'DF'),
(740, '', '', '', 50, NULL, NULL, '2019-10-03 12:46:12', '2019-10-03 12:46:12', '', NULL, 'DF'),
(741, '', '', '', 50, NULL, NULL, '2019-10-03 12:47:59', '2019-10-03 12:47:59', '', NULL, 'DF'),
(742, '', '', '', 50, NULL, NULL, '2019-10-03 12:50:37', '2019-10-03 12:50:37', '', NULL, 'DF'),
(743, '', '', '', 50, NULL, NULL, '2019-10-03 12:51:27', '2019-10-03 12:51:27', '', NULL, 'DF'),
(744, '', '', '', 50, NULL, NULL, '2019-10-03 12:52:05', '2019-10-03 12:52:05', '', NULL, 'DF'),
(745, '', '', '', 50, NULL, NULL, '2019-10-03 13:04:06', '2019-10-03 13:04:06', '', NULL, 'DF'),
(746, '', '', '', 50, NULL, NULL, '2019-10-03 13:04:42', '2019-10-03 13:04:42', '', NULL, 'DF'),
(747, '', '', '', 50, NULL, NULL, '2019-10-03 13:06:28', '2019-10-03 13:06:28', '', NULL, 'DF'),
(748, '', '', '', 50, NULL, NULL, '2019-10-03 13:09:10', '2019-10-03 13:09:10', '', NULL, 'DF'),
(749, '', '', '', 50, NULL, NULL, '2019-10-03 13:39:25', '2019-10-03 13:39:25', '', NULL, 'DF'),
(750, '', '', '', 50, NULL, NULL, '2019-10-03 14:44:49', '2019-10-03 14:44:49', '', NULL, 'DF'),
(751, '', '', '', 50, NULL, NULL, '2019-10-03 14:56:52', '2019-10-03 14:56:52', '', NULL, 'DF'),
(752, '', '', '', 50, NULL, NULL, '2019-10-03 14:57:26', '2019-10-03 14:57:26', '', NULL, 'DF'),
(753, '', '', '', 50, NULL, NULL, '2019-10-03 14:57:37', '2019-10-03 14:57:37', '', NULL, 'DF'),
(754, '', '', '', 50, NULL, NULL, '2019-10-05 22:50:01', '2019-10-05 22:50:01', '', NULL, 'DF'),
(755, '', '', '', 50, NULL, NULL, '2019-10-05 23:21:37', '2019-10-05 23:21:37', '', NULL, 'DF'),
(756, '', '', '', 50, NULL, NULL, '2019-10-05 23:37:35', '2019-10-05 23:37:35', '', NULL, 'DF'),
(757, '', '', '', 50, NULL, NULL, '2019-10-05 23:55:54', '2019-10-05 23:55:54', '', NULL, 'DF'),
(758, '', '', '', 50, NULL, NULL, '2019-10-06 09:40:24', '2019-10-06 09:40:24', '', NULL, 'DF'),
(759, '', '', '', 50, NULL, NULL, '2019-10-06 09:40:24', '2019-10-06 09:40:24', '', NULL, 'DF'),
(760, '', '', '', 50, NULL, NULL, '2019-10-06 11:17:56', '2019-10-06 11:17:56', '', NULL, 'DF'),
(761, '', '', '', 50, NULL, NULL, '2019-10-06 12:50:24', '2019-10-06 12:50:24', '', NULL, 'DF'),
(762, '', '', '', 50, NULL, NULL, '2019-10-06 12:50:24', '2019-10-06 12:50:24', '', NULL, 'DF'),
(763, '', '', '', 50, NULL, NULL, '2019-10-06 14:34:46', '2019-10-06 14:34:46', '', NULL, 'DF'),
(764, '', '', '', 50, NULL, NULL, '2019-10-06 14:39:29', '2019-10-06 14:39:29', '', NULL, 'DF'),
(765, '', '', '', 50, NULL, NULL, '2019-10-06 14:41:44', '2019-10-06 14:41:44', '', NULL, 'DF'),
(766, '', '', '', 50, NULL, NULL, '2019-10-06 14:47:25', '2019-10-06 14:47:25', '', NULL, 'DF'),
(767, '', '', '', 50, NULL, NULL, '2019-10-06 14:51:28', '2019-10-06 14:51:28', '', NULL, 'DF'),
(768, '', '', '', 50, NULL, NULL, '2019-10-06 16:41:25', '2019-10-06 16:41:25', '', NULL, 'DF'),
(769, '', '', '', 50, NULL, NULL, '2019-10-06 16:41:25', '2019-10-06 16:41:25', '', NULL, 'DF'),
(770, '', '', '', 50, NULL, NULL, '2019-10-06 17:26:58', '2019-10-06 17:26:58', '', NULL, 'DF'),
(771, '', '', '', 50, NULL, NULL, '2019-10-06 22:14:15', '2019-10-06 22:14:15', '', NULL, 'DF'),
(772, '', '', '', 50, NULL, NULL, '2019-10-06 22:14:15', '2019-10-06 22:14:15', '', NULL, 'DF'),
(773, '', '', '', 50, NULL, NULL, '2019-10-07 07:06:32', '2019-10-07 07:06:32', '', NULL, 'DF'),
(774, '', '', '', 50, NULL, NULL, '2019-10-07 07:06:32', '2019-10-07 07:06:32', '', NULL, 'DF'),
(775, '', '', '', 50, NULL, NULL, '2019-10-07 07:50:57', '2019-10-07 07:50:57', '', NULL, 'DF'),
(776, '', '', '', 50, NULL, NULL, '2019-10-07 08:26:08', '2019-10-07 08:26:08', '', NULL, 'DF'),
(777, '', '', '', 50, NULL, NULL, '2019-10-08 09:12:47', '2019-10-08 09:12:47', '', NULL, 'DF'),
(778, '', '', '', 50, NULL, NULL, '2019-10-08 09:15:48', '2019-10-08 09:15:48', '', NULL, 'DF'),
(779, '', '', '', 50, NULL, NULL, '2019-10-08 09:17:05', '2019-10-08 09:17:05', '', NULL, 'DF'),
(780, '', '', '', 50, NULL, NULL, '2019-10-08 09:19:47', '2019-10-08 09:19:47', '', NULL, 'DF'),
(781, '', '', '', 50, NULL, NULL, '2019-10-08 09:20:15', '2019-10-08 09:20:15', '', NULL, 'DF'),
(782, '', '', '', 50, NULL, NULL, '2019-10-08 09:21:02', '2019-10-08 09:21:02', '', NULL, 'DF'),
(783, '', '', '', 50, NULL, NULL, '2019-10-08 09:21:37', '2019-10-08 09:21:37', '', NULL, 'DF'),
(784, '', '', '', 50, NULL, NULL, '2019-10-08 09:22:17', '2019-10-08 09:22:17', '', NULL, 'DF'),
(785, '', '', '', 50, NULL, NULL, '2019-10-08 09:22:37', '2019-10-08 09:22:37', '', NULL, 'DF'),
(786, '', '', '', 50, NULL, NULL, '2019-10-08 09:23:10', '2019-10-08 09:23:10', '', NULL, 'DF'),
(787, '', '', '', 50, NULL, NULL, '2019-10-08 09:38:05', '2019-10-08 09:38:05', '', NULL, 'DF'),
(788, '', '', '', 50, NULL, NULL, '2019-10-08 09:38:19', '2019-10-08 09:38:19', '', NULL, 'DF'),
(789, '', '', '', 50, NULL, NULL, '2019-10-08 09:40:47', '2019-10-08 09:40:47', '', NULL, 'DF'),
(790, '', '', '', 50, NULL, NULL, '2019-10-08 09:41:18', '2019-10-08 09:41:18', '', NULL, 'DF'),
(791, '', '', '', 50, NULL, NULL, '2019-10-08 09:41:24', '2019-10-08 09:41:24', '', NULL, 'DF'),
(792, '', '', '', 50, NULL, NULL, '2019-10-08 09:41:53', '2019-10-08 09:41:53', '', NULL, 'DF'),
(793, '', '', '', 50, NULL, NULL, '2019-10-08 09:41:54', '2019-10-08 09:41:54', '', NULL, 'DF'),
(794, '', '', '', 50, NULL, NULL, '2019-10-08 09:59:10', '2019-10-08 09:59:10', '', NULL, 'DF'),
(795, '', '', '', 50, NULL, NULL, '2019-10-08 09:59:35', '2019-10-08 09:59:35', '', NULL, 'DF'),
(796, '', '', '', 50, NULL, NULL, '2019-10-08 10:02:36', '2019-10-08 10:02:36', '', NULL, 'DF'),
(797, '', '', '', 50, NULL, NULL, '2019-10-08 10:03:05', '2019-10-08 10:03:05', '', NULL, 'DF'),
(798, '', '', '', 50, NULL, NULL, '2019-10-08 10:03:37', '2019-10-08 10:03:37', '', NULL, 'DF'),
(799, '', '', '', 50, NULL, NULL, '2019-10-08 10:15:00', '2019-10-08 10:15:00', '', NULL, 'DF'),
(800, '', '', '', 50, NULL, NULL, '2019-10-08 10:16:26', '2019-10-08 10:16:26', '', NULL, 'DF'),
(801, '', '', '', 50, NULL, NULL, '2019-10-08 10:16:59', '2019-10-08 10:16:59', '', NULL, 'DF'),
(802, '', '', '', 50, NULL, NULL, '2019-10-08 10:17:26', '2019-10-08 10:17:26', '', NULL, 'DF'),
(803, '', '', '', 50, NULL, NULL, '2019-10-08 10:21:29', '2019-10-08 10:21:29', '', NULL, 'DF'),
(804, '', '', '', 50, NULL, NULL, '2019-10-08 10:23:27', '2019-10-08 10:23:27', '', NULL, 'DF'),
(805, '', '', '', 50, NULL, NULL, '2019-10-08 10:28:02', '2019-10-08 10:28:02', '', NULL, 'DF'),
(806, '', '', '', 50, NULL, NULL, '2019-10-08 10:28:36', '2019-10-08 10:28:36', '', NULL, 'DF'),
(807, '', '', '', 50, NULL, NULL, '2019-10-08 10:29:15', '2019-10-08 10:29:15', '', NULL, 'DF'),
(808, '', '', '', 50, NULL, NULL, '2019-10-08 10:29:38', '2019-10-08 10:29:38', '', NULL, 'DF'),
(809, '', '', '', 50, NULL, NULL, '2019-10-08 10:29:46', '2019-10-08 10:29:46', '', NULL, 'DF'),
(810, '', '', '', 50, NULL, NULL, '2019-10-08 10:29:56', '2019-10-08 10:29:56', '', NULL, 'DF'),
(811, '', '', '', 50, NULL, NULL, '2019-10-08 10:31:06', '2019-10-08 10:31:06', '', NULL, 'DF'),
(812, '', '', '', 50, NULL, NULL, '2019-10-08 10:31:37', '2019-10-08 10:31:37', '', NULL, 'DF'),
(813, '', '', '', 50, NULL, NULL, '2019-10-08 10:31:54', '2019-10-08 10:31:54', '', NULL, 'DF');

-- --------------------------------------------------------

--
-- Table structure for table `brands`
--

CREATE TABLE `brands` (
  `id` int(10) UNSIGNED NOT NULL,
  `brand_name` varchar(255) COLLATE utf8_unicode_ci NOT NULL,
  `created_at` timestamp NOT NULL DEFAULT '0000-00-00 00:00:00',
  `updated_at` timestamp NOT NULL DEFAULT '0000-00-00 00:00:00'
) ENGINE=InnoDB DEFAULT CHARSET=utf8 COLLATE=utf8_unicode_ci;

--
-- Dumping data for table `brands`
--

INSERT INTO `brands` (`id`, `brand_name`, `created_at`, `updated_at`) VALUES
(1, 'العدل جروب', '2017-10-23 10:32:11', '2019-10-06 15:00:02'),
(2, 'السبكي', '2017-10-23 10:32:15', '2017-10-23 10:32:15'),
(3, 'ماستر للإنتاج الفني', '2017-10-23 10:32:29', '2017-10-23 10:32:29'),
(4, 'العربيه للانتاج والتوزيع', '2017-10-23 10:33:06', '2017-10-23 10:33:06'),
(5, 'test', '2018-05-20 09:21:05', '2018-05-20 09:21:05');

-- --------------------------------------------------------

--
-- Table structure for table `categories`
--

CREATE TABLE `categories` (
  `id` int(10) UNSIGNED NOT NULL,
  `category_name` varchar(255) COLLATE utf8_unicode_ci NOT NULL,
  `created_at` timestamp NOT NULL DEFAULT '0000-00-00 00:00:00',
  `updated_at` timestamp NOT NULL DEFAULT '0000-00-00 00:00:00'
) ENGINE=InnoDB DEFAULT CHARSET=utf8 COLLATE=utf8_unicode_ci;

--
-- Dumping data for table `categories`
--

INSERT INTO `categories` (`id`, `category_name`, `created_at`, `updated_at`) VALUES
(1, 'أكشن', '2017-10-23 10:30:27', '2017-10-23 11:19:29'),
(2, 'كوميدي', '2017-10-23 10:30:33', '2017-10-23 11:19:33'),
(3, 'رعب', '2017-10-23 10:30:37', '2017-10-23 11:19:37'),
(4, 'مسرحيات', '2017-10-23 10:30:45', '2017-10-23 10:30:45'),
(5, 'فيديو كليب', '2017-10-23 10:30:50', '2017-10-23 10:30:50');

-- --------------------------------------------------------

--
-- Table structure for table `migrations`
--

CREATE TABLE `migrations` (
  `migration` varchar(255) COLLATE utf8_unicode_ci NOT NULL,
  `batch` int(11) NOT NULL
) ENGINE=InnoDB DEFAULT CHARSET=utf8 COLLATE=utf8_unicode_ci;

--
-- Dumping data for table `migrations`
--

INSERT INTO `migrations` (`migration`, `batch`) VALUES
('2018_11_08_085247_create_ads_table', 0),
('2018_11_08_085247_create_advertising_urls_table', 0),
('2018_11_08_085247_create_brands_table', 0),
('2018_11_08_085247_create_categories_table', 0),
('2018_11_08_085247_create_msisdns_table', 0),
('2018_11_08_085247_create_notify_table', 0),
('2018_11_08_085247_create_operators_table', 0),
('2018_11_08_085247_create_password_resets_table', 0),
('2018_11_08_085247_create_permissions_table', 0),
('2018_11_08_085247_create_posts_table', 0),
('2018_11_08_085247_create_products_table', 0),
('2018_11_08_085247_create_role_has_permissions_table', 0),
('2018_11_08_085247_create_role_route_table', 0),
('2018_11_08_085247_create_roles_table', 0),
('2018_11_08_085247_create_routes_table', 0),
('2018_11_08_085247_create_settings_table', 0),
('2018_11_08_085247_create_user_has_permissions_table', 0),
('2018_11_08_085247_create_user_has_roles_table', 0),
('2018_11_08_085247_create_users_table', 0),
('2018_11_08_085249_add_foreign_keys_to_ads_table', 0),
('2018_11_08_085249_add_foreign_keys_to_msisdns_table', 0),
('2018_11_08_085249_add_foreign_keys_to_posts_table', 0),
('2018_11_08_085249_add_foreign_keys_to_products_table', 0),
('2018_11_08_085249_add_foreign_keys_to_role_has_permissions_table', 0),
('2018_11_08_085249_add_foreign_keys_to_role_route_table', 0),
('2018_11_08_085249_add_foreign_keys_to_user_has_permissions_table', 0),
('2018_11_08_085249_add_foreign_keys_to_user_has_roles_table', 0);

-- --------------------------------------------------------

--
-- Table structure for table `model_has_roles`
--

CREATE TABLE `model_has_roles` (
  `role_id` int(10) UNSIGNED NOT NULL,
  `model_type` varchar(191) COLLATE utf8mb4_unicode_ci NOT NULL,
  `model_id` bigint(20) UNSIGNED NOT NULL
) ENGINE=InnoDB DEFAULT CHARSET=utf8mb4 COLLATE=utf8mb4_unicode_ci;

-- --------------------------------------------------------

--
-- Table structure for table `msisdns`
--

CREATE TABLE `msisdns` (
  `id` int(11) NOT NULL,
  `msisdn` varchar(20) COLLATE utf8_unicode_ci NOT NULL,
  `pincode` varchar(10) COLLATE utf8_unicode_ci DEFAULT NULL,
  `operator_id` int(11) NOT NULL COMMENT '8=zain jordon , 50 ooredo ',
  `ooredoo_notify_id` int(10) UNSIGNED DEFAULT NULL,
  `ads_ur_id` int(10) UNSIGNED DEFAULT NULL,
  `transaction_id` varchar(500) COLLATE utf8_unicode_ci DEFAULT NULL,
  `ad_company` enum('headway','intech','DF','SC') COLLATE utf8_unicode_ci DEFAULT NULL,
  `final_status` tinyint(1) DEFAULT NULL COMMENT '0=not active  , 1 active ',
  `created_at` timestamp NOT NULL DEFAULT '0000-00-00 00:00:00',
  `updated_at` timestamp NOT NULL DEFAULT '0000-00-00 00:00:00'
) ENGINE=InnoDB DEFAULT CHARSET=utf8 COLLATE=utf8_unicode_ci;

--
-- Dumping data for table `msisdns`
--

INSERT INTO `msisdns` (`id`, `msisdn`, `pincode`, `operator_id`, `ooredoo_notify_id`, `ads_ur_id`, `transaction_id`, `ad_company`, `final_status`, `created_at`, `updated_at`) VALUES
(12, '96565867860', NULL, 50, 8, NULL, NULL, 'DF', 1, '2018-05-15 10:27:55', '2018-05-15 10:27:55'),
(13, '96512345678', NULL, 8, NULL, 295, NULL, 'intech', 1, '2018-09-25 08:10:26', '2018-09-25 16:11:18'),
(18, '96566782477', NULL, 50, NULL, 637, NULL, 'DF', 1, '2018-11-28 13:31:44', '2018-11-28 13:31:44'),
(20, '962795877070', '57544', 8, NULL, NULL, NULL, 'DF', 1, '2018-12-04 10:48:58', '2019-01-09 08:42:45'),
(21, '12345678', NULL, 1, NULL, NULL, NULL, NULL, 1, '0000-00-00 00:00:00', '0000-00-00 00:00:00'),
(22, '96550167685', NULL, 50, NULL, 737, NULL, 'DF', NULL, '2019-05-22 09:15:02', '2019-05-22 09:15:02');

-- --------------------------------------------------------

--
-- Table structure for table `notify`
--

CREATE TABLE `notify` (
  `id` int(10) UNSIGNED NOT NULL,
  `complete_url` varchar(300) COLLATE utf8_unicode_ci NOT NULL,
  `action` varchar(4) COLLATE utf8_unicode_ci NOT NULL,
  `msisdn` varchar(20) COLLATE utf8_unicode_ci NOT NULL,
  `status` varchar(10) COLLATE utf8_unicode_ci NOT NULL,
  `created_at` timestamp NOT NULL DEFAULT '0000-00-00 00:00:00',
  `updated_at` timestamp NOT NULL DEFAULT '0000-00-00 00:00:00'
) ENGINE=InnoDB DEFAULT CHARSET=utf8 COLLATE=utf8_unicode_ci;

--
-- Dumping data for table `notify`
--

INSERT INTO `notify` (`id`, `complete_url`, `action`, `msisdn`, `status`, `created_at`, `updated_at`) VALUES
(2, 'http://aflamyweb.com/redirect?action=3&mnc=102&msisdn=96566782477&opsid=2&status=RS', '3', '96566782477', 'RS', '2018-05-10 12:13:46', '2018-05-10 12:13:46'),
(3, 'http://localhost/aflamy/redirect?AdsCompany=DF&action=1&mnc=102&msisdn=96565867860&opsid=2&status=S21', '1', '96565867860', 'S21', '2018-05-15 09:48:29', '2018-05-15 09:48:29'),
(4, 'http://localhost/aflamy/redirect?AdsCompany=DF&action=1&mnc=102&msisdn=96565867860&opsid=2&status=S21', '1', '96565867860', 'S21', '2018-05-15 09:52:40', '2018-05-15 09:52:40'),
(5, 'http://localhost/aflamy/redirect?AdsCompany=DF&action=1&mnc=102&msisdn=96565867860&opsid=2&status=S21', '1', '96565867860', 'S21', '2018-05-15 09:53:23', '2018-05-15 09:53:23'),
(6, 'http://localhost/aflamy/redirect?AdsCompany=DF&action=1&mnc=102&msisdn=96565867860&opsid=2&status=S21', '1', '96565867860', 'S21', '2018-05-15 10:10:11', '2018-05-15 10:10:11'),
(7, 'http://localhost/aflamy/redirect?AdsCompany=DF&action=1&mnc=102&msisdn=96565867860&opsid=2&status=S21', '1', '96565867860', 'S21', '2018-05-15 10:10:51', '2018-05-15 10:10:51'),
(8, 'http://localhost/aflamy/redirect?AdsCompany=DF&action=1&mnc=102&msisdn=96565867860&opsid=2&status=S21', '1', '96565867860', 'S21', '2018-05-15 10:27:55', '2018-05-15 10:27:55'),
(9, 'http://localhost/aflamy/zainJordonNotification?MSISDN=962795877070&NotificationType=1&Status=1', 'subs', '962795877070', '1', '2018-11-28 09:39:44', '2018-11-28 09:39:44'),
(10, 'http://localhost/aflamy/zainJordonNotification?MSISDN=962795877070&NotificationType=1&Status=1', 'sub', '962795877070', '1', '2018-11-28 09:40:44', '2018-11-28 09:40:44'),
(11, 'http://localhost/aflamy/zainJordonNotification?MSISDN=962795877070&NotificationType=2&Status=1', 'unsu', '962795877070', '1', '2018-11-28 09:41:12', '2018-11-28 09:41:12'),
(12, 'http://localhost/aflamy/zainJordonNotification?MSISDN=962795877070&NotificationType=2&Status=1', 'usub', '962795877070', '1', '2018-11-28 09:41:36', '2018-11-28 09:41:36'),
(13, 'http://localhost/aflamy/zainJordonNotification', 'sub', '962795877070', '1', '2018-12-04 09:37:39', '2018-12-04 09:37:39'),
(14, 'http://localhost/aflamy/zainJordonNotification', 'sub', '962795877070', '1', '2018-12-04 10:05:20', '2018-12-04 10:05:20'),
(15, 'http://localhost/aflamy/zainJordonNotification', 'usub', '962795877070', '1', '2018-12-04 10:48:58', '2018-12-04 10:48:58'),
(16, 'http://localhost/aflamy/zainJordonNotification', 'usub', '962795877070', '1', '2018-12-04 10:49:00', '2018-12-04 10:49:00'),
(17, 'http://localhost/aflamy/zainJordonNotification', 'sub', '962795877070', 'succ', '2018-12-04 10:49:08', '2018-12-04 10:49:08'),
(18, 'http://localhost/aflamy/zainJordonNotification', 'sub', '962795877070', 'succ', '2018-12-04 11:02:00', '2018-12-04 11:02:00');

-- --------------------------------------------------------

--
-- Table structure for table `operators`
--

CREATE TABLE `operators` (
  `id` int(10) UNSIGNED NOT NULL,
  `name` varchar(255) COLLATE utf8_unicode_ci NOT NULL,
  `operator_image` varchar(255) COLLATE utf8_unicode_ci NOT NULL,
  `created_at` timestamp NOT NULL DEFAULT '0000-00-00 00:00:00',
  `updated_at` timestamp NOT NULL DEFAULT '0000-00-00 00:00:00'
) ENGINE=InnoDB DEFAULT CHARSET=utf8 COLLATE=utf8_unicode_ci;

--
-- Dumping data for table `operators`
--

INSERT INTO `operators` (`id`, `name`, `operator_image`, `created_at`, `updated_at`) VALUES
(1, 'Egypt', 'operators_images/59ede6dcae8df.png', '2017-10-23 10:55:56', '2017-10-23 10:55:56'),
(2, 'OOredoo', 'operators_images/5ae988e110c69.jpg', '2018-05-02 07:46:09', '2018-05-02 07:46:09'),
(3, 'zain jordon', 'operators_images/5be2e826d9836.jpg', '2018-11-07 11:27:02', '2018-11-07 11:27:02');

-- --------------------------------------------------------

--
-- Table structure for table `password_resets`
--

CREATE TABLE `password_resets` (
  `email` varchar(255) COLLATE utf8_unicode_ci NOT NULL,
  `token` varchar(255) COLLATE utf8_unicode_ci NOT NULL,
  `created_at` timestamp NOT NULL DEFAULT '0000-00-00 00:00:00'
) ENGINE=InnoDB DEFAULT CHARSET=utf8 COLLATE=utf8_unicode_ci;

-- --------------------------------------------------------

--
-- Table structure for table `permissions`
--

CREATE TABLE `permissions` (
  `id` int(10) UNSIGNED NOT NULL,
  `name` varchar(255) COLLATE utf8_unicode_ci NOT NULL,
  `created_at` timestamp NOT NULL DEFAULT '0000-00-00 00:00:00',
  `updated_at` timestamp NOT NULL DEFAULT '0000-00-00 00:00:00'
) ENGINE=InnoDB DEFAULT CHARSET=utf8 COLLATE=utf8_unicode_ci;

-- --------------------------------------------------------

--
-- Table structure for table `posts`
--

CREATE TABLE `posts` (
  `id` int(10) UNSIGNED NOT NULL,
  `operator_id` int(10) UNSIGNED NOT NULL,
  `product_id` int(10) UNSIGNED NOT NULL,
  `show_date` date NOT NULL DEFAULT '0000-00-00',
  `active` tinyint(1) NOT NULL,
  `created_at` timestamp NOT NULL DEFAULT '0000-00-00 00:00:00',
  `updated_at` timestamp NOT NULL DEFAULT '0000-00-00 00:00:00',
  `featured` tinyint(1) NOT NULL DEFAULT 0
) ENGINE=InnoDB DEFAULT CHARSET=utf8 COLLATE=utf8_unicode_ci;

--
-- Dumping data for table `posts`
--

INSERT INTO `posts` (`id`, `operator_id`, `product_id`, `show_date`, `active`, `created_at`, `updated_at`, `featured`) VALUES
(14, 2, 2, '2018-11-08', 1, '2018-11-08 08:39:14', '2019-10-07 07:59:57', 1),
(15, 3, 2, '2018-11-08', 1, '2018-11-08 08:39:27', '2018-11-08 08:39:27', 1),
(16, 2, 3, '2018-11-08', 1, '2018-11-08 08:39:39', '2018-11-08 08:39:49', 1),
(17, 3, 3, '2018-11-08', 1, '2018-11-08 08:39:39', '2018-11-08 08:39:56', 1);

-- --------------------------------------------------------

--
-- Table structure for table `products`
--

CREATE TABLE `products` (
  `id` int(10) UNSIGNED NOT NULL,
  `product_image` varchar(255) COLLATE utf8_unicode_ci NOT NULL,
  `category_id` int(10) UNSIGNED NOT NULL,
  `brand_id` int(10) UNSIGNED NOT NULL,
  `created_at` timestamp NOT NULL DEFAULT '0000-00-00 00:00:00',
  `updated_at` timestamp NOT NULL DEFAULT '0000-00-00 00:00:00',
  `title` varchar(255) COLLATE utf8_unicode_ci NOT NULL,
  `video` varchar(255) COLLATE utf8_unicode_ci DEFAULT NULL
) ENGINE=InnoDB DEFAULT CHARSET=utf8 COLLATE=utf8_unicode_ci;

--
-- Dumping data for table `products`
--

INSERT INTO `products` (`id`, `product_image`, `category_id`, `brand_id`, `created_at`, `updated_at`, `title`, `video`) VALUES
(2, 'products_images/59edeb3e400a6.jpg', 2, 1, '2017-10-23 10:55:12', '2019-01-21 15:24:25', 'video one', 'videos/59ede6b07a644.mp4'),
(3, 'products_images/59edeb5408a57.jpg', 1, 1, '2017-10-23 11:15:00', '2017-10-23 11:15:00', 'video 2', 'videos/59edeb5408f27.mp4'),
(4, 'products_images/59edf547bdc37.jpg', 1, 1, '2017-10-23 11:15:30', '2017-10-23 11:57:27', 'video 3', 'videos/59edeb7274609.mp4');

-- --------------------------------------------------------

--
-- Table structure for table `roles`
--

CREATE TABLE `roles` (
  `id` int(10) UNSIGNED NOT NULL,
  `name` varchar(255) COLLATE utf8_unicode_ci NOT NULL,
  `created_at` timestamp NOT NULL DEFAULT '0000-00-00 00:00:00',
  `updated_at` timestamp NOT NULL DEFAULT '0000-00-00 00:00:00'
) ENGINE=InnoDB DEFAULT CHARSET=utf8 COLLATE=utf8_unicode_ci;

--
-- Dumping data for table `roles`
--

INSERT INTO `roles` (`id`, `name`, `created_at`, `updated_at`) VALUES
(1, 'super_admin', '0000-00-00 00:00:00', '0000-00-00 00:00:00');

-- --------------------------------------------------------

--
-- Table structure for table `role_has_permissions`
--

CREATE TABLE `role_has_permissions` (
  `permission_id` int(10) UNSIGNED NOT NULL,
  `role_id` int(10) UNSIGNED NOT NULL
) ENGINE=InnoDB DEFAULT CHARSET=utf8 COLLATE=utf8_unicode_ci;

-- --------------------------------------------------------

--
-- Table structure for table `role_route`
--

CREATE TABLE `role_route` (
  `id` int(11) NOT NULL,
  `role_id` int(10) UNSIGNED NOT NULL,
  `route_id` int(11) NOT NULL,
  `created_at` timestamp NOT NULL DEFAULT '0000-00-00 00:00:00',
  `updated_at` timestamp NOT NULL DEFAULT '0000-00-00 00:00:00'
) ENGINE=InnoDB DEFAULT CHARSET=utf8 COLLATE=utf8_unicode_ci;

--
-- Dumping data for table `role_route`
--

INSERT INTO `role_route` (`id`, `role_id`, `route_id`, `created_at`, `updated_at`) VALUES
(13, 1, 42, '2019-10-07 06:28:17', '2019-10-07 06:28:17'),
(14, 1, 43, '2019-10-07 06:28:17', '2019-10-07 06:28:17'),
(15, 1, 44, '2019-10-07 06:28:17', '2019-10-07 06:28:17'),
(16, 1, 45, '2019-10-07 06:28:17', '2019-10-07 06:28:17'),
(17, 1, 46, '2019-10-07 06:28:17', '2019-10-07 06:28:17'),
(18, 1, 47, '2019-10-07 06:28:17', '2019-10-07 06:28:17');

-- --------------------------------------------------------

--
-- Table structure for table `routes`
--

CREATE TABLE `routes` (
  `id` int(11) NOT NULL,
  `method` varchar(20) COLLATE utf8_unicode_ci DEFAULT NULL,
  `route` varchar(100) COLLATE utf8_unicode_ci DEFAULT NULL,
  `controller_name` varchar(100) COLLATE utf8_unicode_ci DEFAULT NULL,
  `created_at` timestamp NOT NULL DEFAULT '0000-00-00 00:00:00',
  `updated_at` timestamp NOT NULL DEFAULT '0000-00-00 00:00:00',
  `function_name` varchar(255) COLLATE utf8_unicode_ci DEFAULT NULL
) ENGINE=InnoDB DEFAULT CHARSET=utf8 COLLATE=utf8_unicode_ci;

--
-- Dumping data for table `routes`
--

INSERT INTO `routes` (`id`, `method`, `route`, `controller_name`, `created_at`, `updated_at`, `function_name`) VALUES
(1, 'get', 'roles', 'RoleController', '2018-02-18 05:42:09', '2018-02-18 05:42:09', 'index'),
(2, 'get', 'roles/new', 'RoleController', '2018-02-18 05:42:10', '2018-02-18 05:42:10', 'create'),
(3, 'post', 'roles', 'RoleController', '2018-02-18 05:42:10', '2018-02-18 05:42:10', 'store'),
(4, 'get', 'roles/{id}/edit', 'RoleController', '2018-02-18 05:42:10', '2018-02-18 05:42:10', 'edit'),
(5, 'post', 'roles/{id}/update', 'RoleController', '2018-02-18 05:42:10', '2018-02-18 05:42:10', 'update'),
(6, 'get', 'roles/{id}/delete', 'RoleController', '2018-02-18 05:42:10', '2018-02-18 05:42:10', 'destroy'),
(7, 'get', 'roles/{id}/view_access', 'RoleController', '2018-02-18 05:42:10', '2018-02-18 05:42:10', 'view_access'),
(8, 'get', 'users', 'UserController', '2018-02-18 05:44:09', '2018-02-18 05:44:09', 'index'),
(9, 'get', 'users/new', 'UserController', '2018-02-18 05:44:16', '2018-02-18 05:44:16', 'create'),
(10, 'post', 'users', 'UserController', '2018-02-18 05:44:16', '2018-02-18 05:44:16', 'store'),
(11, 'get', 'users/{id}/edit', 'UserController', '2018-02-18 05:44:16', '2018-02-18 05:44:16', 'edit'),
(12, 'post', 'users/{id}/update', 'UserController', '2018-02-18 05:44:16', '2018-02-18 05:44:16', 'update'),
(13, 'get', 'users/{id}/delete', 'UserController', '2018-02-18 05:44:16', '2018-02-18 05:44:16', 'destroy'),
(14, 'get', 'user_profile', 'UserController', '2018-02-18 05:44:16', '2018-02-18 05:44:16', 'profile'),
(15, 'post', 'user_profile/updatepassword', 'UserController', '2018-02-18 05:44:16', '2018-02-18 05:44:16', 'UpdatePassword'),
(16, 'post', 'user_profile/updateprofilepic', 'UserController', '2018-02-18 05:44:16', '2018-02-18 05:44:16', 'UpdateProfilePicture'),
(17, 'post', 'user_profile/updateuserdata', 'UserController', '2018-02-18 05:44:16', '2018-02-18 05:44:16', 'UpdateNameAndEmail'),
(18, 'get', 'setting', 'SettingController', '2018-02-18 05:45:44', '2018-02-18 05:45:44', 'index'),
(19, 'get', 'setting/new', 'SettingController', '2018-02-18 05:45:44', '2018-02-18 05:45:44', 'create'),
(20, 'post', 'setting', 'SettingController', '2018-02-18 05:45:44', '2018-02-18 05:45:44', 'store'),
(21, 'get', 'setting/{id}/edit', 'SettingController', '2018-02-18 05:45:44', '2018-02-18 05:45:44', 'edit'),
(22, 'post', 'setting/{id}/update', 'SettingController', '2018-02-18 05:45:44', '2018-02-18 05:45:44', 'update'),
(23, 'get', 'setting/{id}/delete', 'SettingController', '2018-02-18 05:45:44', '2018-02-18 05:45:44', 'destroy'),
(24, 'get', 'advertisments', 'AdsController', '2018-02-18 05:47:09', '2018-02-18 05:47:09', 'index'),
(25, 'get', 'advertisments/create', 'AdsController', '2018-02-18 05:47:09', '2018-02-18 05:47:09', 'create'),
(26, 'post', 'advertisments', 'AdsController', '2018-02-18 05:47:09', '2018-02-18 05:47:09', 'store'),
(27, 'get', 'advertisments/{id}/edit', 'AdsController', '2018-02-18 05:47:09', '2018-02-18 05:47:09', 'edit'),
(28, 'patch', 'advertisments/{id}', 'AdsController', '2018-02-18 05:47:09', '2018-02-18 05:47:09', 'update'),
(29, 'get', 'advertisments/{id}/delete', 'AdsController', '2018-02-18 05:47:09', '2018-02-18 05:47:09', 'destroy'),
(30, 'get', 'operators', 'OperatorsController', '2018-02-18 05:49:22', '2018-02-18 05:49:22', 'index'),
(31, 'get', 'operators/create', 'OperatorsController', '2018-02-18 05:49:22', '2018-02-18 05:49:22', 'create'),
(32, 'post', 'operators', 'OperatorsController', '2018-02-18 05:49:22', '2018-02-18 05:49:22', 'store'),
(33, 'get', 'operators/{id}/edit', 'OperatorsController', '2018-02-18 05:49:22', '2018-02-18 05:49:22', 'edit'),
(34, 'patch', 'operators/{id}', 'OperatorsController', '2018-02-18 05:49:22', '2018-02-18 05:49:22', 'update'),
(35, 'delete', 'operators/{id}/delete', 'OperatorsController', '2018-02-18 05:49:22', '2018-02-18 05:49:22', 'destroy'),
(36, 'get', 'categories', 'CategoriesController', '2018-02-18 05:50:33', '2018-02-18 05:50:33', 'index'),
(37, 'get', 'categories/create', 'CategoriesController', '2018-02-18 05:50:33', '2018-02-18 05:50:33', 'create'),
(38, 'post', 'categories', 'CategoriesController', '2018-02-18 05:50:33', '2018-02-18 05:50:33', 'store'),
(39, 'get', 'categories/{id}/edit', 'CategoriesController', '2018-02-18 05:50:33', '2018-02-18 05:50:33', 'edit'),
(40, 'patch', 'categories/{id}', 'CategoriesController', '2018-02-18 05:50:33', '2018-02-18 05:50:33', 'update'),
(41, 'delete', 'categories/{id}', 'CategoriesController', '2018-02-18 05:50:34', '2018-02-18 05:58:08', 'destroy'),
(42, 'get', 'brands', 'BrandsController', '2018-02-18 05:51:55', '2018-02-18 05:51:55', 'index'),
(43, 'get', 'brands/create', 'BrandsController', '2018-02-18 05:51:55', '2018-02-18 05:51:55', 'create'),
(44, 'post', 'brands', 'BrandsController', '2018-02-18 05:51:55', '2018-02-18 05:51:55', 'store'),
(45, 'get', 'brands/{id}/edit', 'BrandsController', '2018-02-18 05:51:55', '2018-02-18 05:51:55', 'edit'),
(46, 'patch', 'brands/{id}', 'BrandsController', '2018-02-18 05:51:55', '2018-02-18 05:51:55', 'update'),
(47, 'delete', 'brands/{id}', 'BrandsController', '2018-02-18 05:51:55', '2018-02-18 05:58:19', 'destroy'),
(48, 'get', 'posts', 'PostsController', '2018-02-18 05:53:59', '2018-02-18 05:53:59', 'index'),
(49, 'get', 'posts/create', 'PostsController', '2018-02-18 05:53:59', '2018-02-18 05:53:59', 'create'),
(50, 'post', 'posts', 'PostsController', '2018-02-18 05:53:59', '2019-10-06 10:46:17', 'store'),
(51, 'get', 'posts/{id}/edit', 'PostsController', '2018-02-18 05:53:59', '2018-02-18 05:53:59', 'edit'),
(52, 'patch', 'posts/{id}', 'PostsController', '2018-02-18 05:53:59', '2018-02-18 05:53:59', 'update'),
(53, 'delete', 'posts/{id}', 'PostsController', '2018-02-18 05:53:59', '2018-02-18 05:58:00', 'destroy'),
(54, 'get', 'products', 'ProductsController', '2018-02-18 05:57:47', '2018-02-18 05:57:47', 'index'),
(55, 'get', 'products/create', 'ProductsController', '2018-02-18 05:57:47', '2018-02-18 05:57:47', 'create'),
(56, 'post', 'products', 'ProductsController', '2018-02-18 05:57:47', '2018-02-18 05:57:47', 'store'),
(57, 'get', 'products/{id}/edit', 'ProductsController', '2018-02-18 05:57:47', '2018-02-18 05:57:47', 'edit'),
(58, 'patch', 'products/{id}', 'ProductsController', '2018-02-18 05:57:47', '2018-02-18 05:57:47', 'update'),
(59, 'delete', 'products/{id}', 'ProductsController', '2018-02-18 05:57:47', '2018-02-18 05:57:47', 'destroy'),
(60, 'post', 'product/restore/{id}', 'ProductsController', '2018-02-18 05:57:47', '2018-02-18 05:57:47', 'restore'),
(61, 'post', 'product/delete-forever/{id}', 'ProductsController', '2018-02-18 05:57:47', '2018-02-18 05:57:47', 'deleteForever'),
(62, 'get', 'products/{id}/posts', 'ProductsController', '2018-02-18 05:57:47', '2018-02-18 05:57:47', 'get_posts'),
(63, 'get', 'dashboard', 'DashboardController', '2018-02-18 05:59:55', '2018-02-18 05:59:55', 'index'),
(64, 'get', 'dashboard/create', 'DashboardController', '2018-02-18 05:59:55', '2018-02-18 05:59:55', 'create'),
(65, 'get', 'dashboard', 'DashboardController', '2018-02-18 05:59:55', '2018-02-18 05:59:55', 'store'),
(66, 'get', 'dashboard/{id}/edit', 'DashboardController', '2018-02-18 05:59:55', '2018-02-18 05:59:55', 'edit'),
(67, 'patch', 'dashboard/{id}', 'DashboardController', '2018-02-18 05:59:55', '2018-02-18 05:59:55', 'update'),
(68, 'delete', 'dashboard/{id}', 'DashboardController', '2018-02-18 05:59:55', '2018-02-18 05:59:55', 'destroy'),
(69, 'get', 'index', 'HomeController', '2018-02-18 06:03:15', '2019-10-06 12:53:29', 'index'),
(70, 'get', 'get_brand', 'FrontEndController', '2018-02-18 06:03:16', '2018-02-18 06:03:16', 'get_brand_products'),
(71, 'get', 'get_product', 'FrontEndController', '2018-02-18 06:03:16', '2018-02-18 06:03:16', 'get_product'),
(72, 'get', 'get_category', 'FrontEndController', '2018-02-18 06:03:16', '2018-02-18 06:03:16', 'products_by_category'),
(73, 'get', 'search', 'FrontEndController', '2018-02-18 06:03:16', '2018-02-18 06:03:16', 'search_view'),
(74, 'get', 'search_result', 'FrontEndController', '2018-02-18 06:03:16', '2018-02-18 06:03:16', 'search'),
(75, 'get', 'terms', 'FrontEndController', '2018-02-18 06:03:16', '2018-02-18 06:03:16', 'terms'),
(76, 'get', 'login22', 'FrontEndController', '2018-02-18 06:03:16', '2018-02-18 06:03:16', 'login'),
(77, 'get', 'logout', 'FrontEndController', '2018-02-18 06:03:16', '2018-02-18 06:03:16', 'logout'),
(78, 'get', 'register', 'FrontEndController', '2018-02-18 06:03:16', '2018-02-18 06:03:16', 'register'),
(79, 'get', 'buildroutes', 'RouteController', '2018-02-18 06:09:12', '2018-02-18 06:09:12', 'buildroutes'),
(80, 'get', 'posts/{id}', 'PostsController', '2018-02-18 06:14:26', '2018-02-18 06:14:26', 'show'),
(81, 'get', 'posts/allData', 'PostsController', '2018-09-19 07:05:34', '2018-09-19 07:05:34', 'allData'),
(82, 'get', 'products/allData', 'ProductsController', '2018-09-19 10:52:13', '2018-09-19 10:52:13', 'allData');

-- --------------------------------------------------------

--
-- Table structure for table `settings`
--

CREATE TABLE `settings` (
  `id` int(10) UNSIGNED NOT NULL,
  `key` varchar(255) COLLATE utf8_unicode_ci NOT NULL,
  `value` text COLLATE utf8_unicode_ci NOT NULL,
  `created_at` timestamp NOT NULL DEFAULT '0000-00-00 00:00:00',
  `updated_at` timestamp NOT NULL DEFAULT '0000-00-00 00:00:00'
) ENGINE=InnoDB DEFAULT CHARSET=utf8 COLLATE=utf8_unicode_ci;

--
-- Dumping data for table `settings`
--

INSERT INTO `settings` (`id`, `key`, `value`, `created_at`, `updated_at`) VALUES
(3, 'facebook', 'facebook.com', '2017-10-23 11:02:29', '2017-10-23 11:02:29'),
(4, 'twitter', 'twitter.com', '2017-10-23 11:03:04', '2017-10-23 11:03:04'),
(7, 'logo', 'settings_images/59edf4aecee5b.png', '2017-10-23 11:06:57', '2017-10-23 11:54:54'),
(8, 'Website title', 'Aflamy\r\n', '2017-10-23 11:43:46', '2017-10-23 12:22:06'),
(9, 'pageLength', '10', '2018-09-19 08:34:36', '2019-10-08 07:14:00'),
(10, 'Terms', '<ul class=\"terms\">\r\n	<li>اشتراكك في هذه الخدمة يعني قبولك لجميع الشروط و الأحكام الخاصة بالخدمة وتفويض زين الاردن  لتبادل رقم الجوال الخاص بك مع شريكنا شركة IVAS، التي تختص بإدارة هذه الخدمة</li>\r\n	<li>سيتم محاسبتك وفقا لنظام الاشتراك 100فلس / اليوم </li>\r\n	<li>تجديد اشتراكك في خدمة افلامي تلقائي، حتى تقوم بإلغاء تفعيل هذه الخدمة</li>\r\n	<li>اشتراكك في خدمة افلامي، يعني موافقتك على استلام تنبيهات التجديد و التوصيات الخاصة بمحتوى الخدمة عن طريق الرسائل القصيرة.</li>\r\n	<li>تطبق الرسوم على البيانات للتصفح ولتنزيل المحتويات المتاحة من هذه البوابة. \r\n</li>\r\n	<li>يمكنك إلغاء اشتراكك بخدمة افلامي عن طريق احد الطرق التالية:\r\nارسال unsub A1 الى ٩٧٩٧٠\r\nالغاء اشتراكك من صفحة حاسبك بالخدمة \r\nالضغط على الرابط في الرسالة التي وصلتك عند تفعيل الاشتارك</li>\r\n	<li>إذا لم تنجح المحاولات لتجديد إشتراكك لمدة 30 يوما متتاليا, فسيتم إلغاء تفعيل إشتراكك تلقائيا في اليوم الواحد و الثلاثين\r\n</li>\r\n	\r\n</ul>\r\n\r\n\r\n\r\n\r\n\r\n\r\n', '2019-01-10 09:30:40', '2019-01-13 10:51:36');

-- --------------------------------------------------------

--
-- Table structure for table `users`
--

CREATE TABLE `users` (
  `id` int(10) UNSIGNED NOT NULL,
  `name` varchar(255) COLLATE utf8_unicode_ci DEFAULT NULL,
  `email` varchar(255) COLLATE utf8_unicode_ci NOT NULL,
  `password` varchar(60) COLLATE utf8_unicode_ci NOT NULL,
  `profile_img` varchar(255) COLLATE utf8_unicode_ci DEFAULT NULL,
  `remember_token` varchar(100) COLLATE utf8_unicode_ci DEFAULT NULL,
  `created_at` timestamp NOT NULL DEFAULT '0000-00-00 00:00:00',
  `updated_at` timestamp NOT NULL DEFAULT '0000-00-00 00:00:00'
) ENGINE=InnoDB DEFAULT CHARSET=utf8 COLLATE=utf8_unicode_ci;

--
-- Dumping data for table `users`
--

INSERT INTO `users` (`id`, `name`, `email`, `password`, `profile_img`, `remember_token`, `created_at`, `updated_at`) VALUES
(1, 'super admin', 'emad@ivas.com.eg', '$2y$10$jtaQJWnfUWxx6mY45Gtkq.fimTUF7eLiihl07D8W49irdYmxF9TKi', '', NULL, '0000-00-00 00:00:00', '2018-05-02 10:03:08');

-- --------------------------------------------------------

--
-- Table structure for table `user_has_permissions`
--

CREATE TABLE `user_has_permissions` (
  `user_id` int(10) UNSIGNED NOT NULL,
  `permission_id` int(10) UNSIGNED NOT NULL
) ENGINE=InnoDB DEFAULT CHARSET=utf8 COLLATE=utf8_unicode_ci;

-- --------------------------------------------------------

--
-- Table structure for table `user_has_roles`
--

CREATE TABLE `user_has_roles` (
  `role_id` int(10) UNSIGNED NOT NULL,
  `user_id` int(10) UNSIGNED NOT NULL
) ENGINE=InnoDB DEFAULT CHARSET=utf8 COLLATE=utf8_unicode_ci;

--
-- Dumping data for table `user_has_roles`
--

INSERT INTO `user_has_roles` (`role_id`, `user_id`) VALUES
(1, 1);

--
-- Indexes for dumped tables
--

--
-- Indexes for table `ads`
--
ALTER TABLE `ads`
  ADD PRIMARY KEY (`id`),
  ADD KEY `operator_id` (`operator_id`);

--
-- Indexes for table `advertising_urls`
--
ALTER TABLE `advertising_urls`
  ADD PRIMARY KEY (`id`);

--
-- Indexes for table `brands`
--
ALTER TABLE `brands`
  ADD PRIMARY KEY (`id`);

--
-- Indexes for table `categories`
--
ALTER TABLE `categories`
  ADD PRIMARY KEY (`id`);

--
-- Indexes for table `model_has_roles`
--
ALTER TABLE `model_has_roles`
  ADD PRIMARY KEY (`role_id`,`model_id`,`model_type`),
  ADD KEY `model_has_roles_model_id_model_type_index` (`model_id`,`model_type`);

--
-- Indexes for table `msisdns`
--
ALTER TABLE `msisdns`
  ADD PRIMARY KEY (`id`),
  ADD KEY `ooredoo_notify_id_3` (`ooredoo_notify_id`),
  ADD KEY `ads_ur_id` (`ads_ur_id`);

--
-- Indexes for table `notify`
--
ALTER TABLE `notify`
  ADD PRIMARY KEY (`id`);

--
-- Indexes for table `operators`
--
ALTER TABLE `operators`
  ADD PRIMARY KEY (`id`);

--
-- Indexes for table `password_resets`
--
ALTER TABLE `password_resets`
  ADD KEY `password_resets_email_index` (`email`),
  ADD KEY `password_resets_token_index` (`token`);

--
-- Indexes for table `permissions`
--
ALTER TABLE `permissions`
  ADD PRIMARY KEY (`id`),
  ADD UNIQUE KEY `permissions_name_unique` (`name`);

--
-- Indexes for table `posts`
--
ALTER TABLE `posts`
  ADD PRIMARY KEY (`id`),
  ADD KEY `posts_operator_id_foreign` (`operator_id`),
  ADD KEY `posts_product_id_foreign` (`product_id`);

--
-- Indexes for table `products`
--
ALTER TABLE `products`
  ADD PRIMARY KEY (`id`),
  ADD KEY `products_category_id_foreign` (`category_id`),
  ADD KEY `products_brand_id_foreign` (`brand_id`);

--
-- Indexes for table `roles`
--
ALTER TABLE `roles`
  ADD PRIMARY KEY (`id`),
  ADD UNIQUE KEY `roles_name_unique` (`name`);

--
-- Indexes for table `role_has_permissions`
--
ALTER TABLE `role_has_permissions`
  ADD PRIMARY KEY (`permission_id`,`role_id`),
  ADD KEY `role_has_permissions_role_id_foreign` (`role_id`);

--
-- Indexes for table `role_route`
--
ALTER TABLE `role_route`
  ADD PRIMARY KEY (`id`),
  ADD KEY `role_id_2` (`role_id`),
  ADD KEY `route_id_2` (`route_id`);

--
-- Indexes for table `routes`
--
ALTER TABLE `routes`
  ADD PRIMARY KEY (`id`);

--
-- Indexes for table `settings`
--
ALTER TABLE `settings`
  ADD PRIMARY KEY (`id`);

--
-- Indexes for table `users`
--
ALTER TABLE `users`
  ADD PRIMARY KEY (`id`),
  ADD UNIQUE KEY `users_email_unique` (`email`);

--
-- Indexes for table `user_has_permissions`
--
ALTER TABLE `user_has_permissions`
  ADD PRIMARY KEY (`user_id`,`permission_id`),
  ADD KEY `user_has_permissions_permission_id_foreign` (`permission_id`);

--
-- Indexes for table `user_has_roles`
--
ALTER TABLE `user_has_roles`
  ADD PRIMARY KEY (`role_id`,`user_id`),
  ADD KEY `user_has_roles_user_id_foreign` (`user_id`);

--
-- AUTO_INCREMENT for dumped tables
--

--
-- AUTO_INCREMENT for table `ads`
--
ALTER TABLE `ads`
  MODIFY `id` int(10) UNSIGNED NOT NULL AUTO_INCREMENT, AUTO_INCREMENT=2;

--
-- AUTO_INCREMENT for table `advertising_urls`
--
ALTER TABLE `advertising_urls`
  MODIFY `id` int(10) UNSIGNED NOT NULL AUTO_INCREMENT, AUTO_INCREMENT=814;

--
-- AUTO_INCREMENT for table `brands`
--
ALTER TABLE `brands`
  MODIFY `id` int(10) UNSIGNED NOT NULL AUTO_INCREMENT, AUTO_INCREMENT=7;

--
-- AUTO_INCREMENT for table `categories`
--
ALTER TABLE `categories`
  MODIFY `id` int(10) UNSIGNED NOT NULL AUTO_INCREMENT, AUTO_INCREMENT=6;

--
-- AUTO_INCREMENT for table `msisdns`
--
ALTER TABLE `msisdns`
  MODIFY `id` int(11) NOT NULL AUTO_INCREMENT, AUTO_INCREMENT=23;

--
-- AUTO_INCREMENT for table `notify`
--
ALTER TABLE `notify`
  MODIFY `id` int(10) UNSIGNED NOT NULL AUTO_INCREMENT, AUTO_INCREMENT=19;

--
-- AUTO_INCREMENT for table `operators`
--
ALTER TABLE `operators`
  MODIFY `id` int(10) UNSIGNED NOT NULL AUTO_INCREMENT, AUTO_INCREMENT=5;

--
-- AUTO_INCREMENT for table `permissions`
--
ALTER TABLE `permissions`
  MODIFY `id` int(10) UNSIGNED NOT NULL AUTO_INCREMENT;

--
-- AUTO_INCREMENT for table `posts`
--
ALTER TABLE `posts`
  MODIFY `id` int(10) UNSIGNED NOT NULL AUTO_INCREMENT, AUTO_INCREMENT=19;

--
-- AUTO_INCREMENT for table `products`
--
ALTER TABLE `products`
  MODIFY `id` int(10) UNSIGNED NOT NULL AUTO_INCREMENT, AUTO_INCREMENT=6;

--
-- AUTO_INCREMENT for table `roles`
--
ALTER TABLE `roles`
  MODIFY `id` int(10) UNSIGNED NOT NULL AUTO_INCREMENT, AUTO_INCREMENT=4;

--
-- AUTO_INCREMENT for table `role_route`
--
ALTER TABLE `role_route`
  MODIFY `id` int(11) NOT NULL AUTO_INCREMENT, AUTO_INCREMENT=19;

--
-- AUTO_INCREMENT for table `routes`
--
ALTER TABLE `routes`
  MODIFY `id` int(11) NOT NULL AUTO_INCREMENT, AUTO_INCREMENT=83;

--
-- AUTO_INCREMENT for table `settings`
--
ALTER TABLE `settings`
  MODIFY `id` int(10) UNSIGNED NOT NULL AUTO_INCREMENT, AUTO_INCREMENT=14;

--
-- AUTO_INCREMENT for table `users`
--
ALTER TABLE `users`
  MODIFY `id` int(10) UNSIGNED NOT NULL AUTO_INCREMENT, AUTO_INCREMENT=4;

--
-- Constraints for dumped tables
--

--
-- Constraints for table `ads`
--
ALTER TABLE `ads`
  ADD CONSTRAINT `ads_operator_id_foreign` FOREIGN KEY (`operator_id`) REFERENCES `operators` (`id`) ON DELETE CASCADE ON UPDATE CASCADE;

--
-- Constraints for table `msisdns`
--
ALTER TABLE `msisdns`
  ADD CONSTRAINT `msisdns_ibfk_1` FOREIGN KEY (`ads_ur_id`) REFERENCES `advertising_urls` (`id`) ON DELETE CASCADE ON UPDATE CASCADE,
  ADD CONSTRAINT `msisdns_ibfk_2` FOREIGN KEY (`ooredoo_notify_id`) REFERENCES `notify` (`id`) ON DELETE CASCADE ON UPDATE CASCADE;

--
-- Constraints for table `posts`
--
ALTER TABLE `posts`
  ADD CONSTRAINT `posts_operator_id_foreign` FOREIGN KEY (`operator_id`) REFERENCES `operators` (`id`) ON DELETE CASCADE,
  ADD CONSTRAINT `posts_product_id_foreign` FOREIGN KEY (`product_id`) REFERENCES `products` (`id`) ON DELETE CASCADE;

--
-- Constraints for table `products`
--
ALTER TABLE `products`
  ADD CONSTRAINT `products_brand_id_foreign` FOREIGN KEY (`brand_id`) REFERENCES `brands` (`id`) ON DELETE CASCADE,
  ADD CONSTRAINT `products_category_id_foreign` FOREIGN KEY (`category_id`) REFERENCES `categories` (`id`) ON DELETE CASCADE;

--
-- Constraints for table `role_has_permissions`
--
ALTER TABLE `role_has_permissions`
  ADD CONSTRAINT `role_has_permissions_permission_id_foreign` FOREIGN KEY (`permission_id`) REFERENCES `permissions` (`id`) ON DELETE CASCADE,
  ADD CONSTRAINT `role_has_permissions_role_id_foreign` FOREIGN KEY (`role_id`) REFERENCES `roles` (`id`) ON DELETE CASCADE;

--
-- Constraints for table `role_route`
--
ALTER TABLE `role_route`
  ADD CONSTRAINT `role_route_ibfk_1` FOREIGN KEY (`route_id`) REFERENCES `routes` (`id`) ON DELETE CASCADE ON UPDATE CASCADE,
  ADD CONSTRAINT `role_route_ibfk_2` FOREIGN KEY (`role_id`) REFERENCES `roles` (`id`) ON DELETE CASCADE ON UPDATE CASCADE;

--
-- Constraints for table `user_has_permissions`
--
ALTER TABLE `user_has_permissions`
  ADD CONSTRAINT `user_has_permissions_permission_id_foreign` FOREIGN KEY (`permission_id`) REFERENCES `permissions` (`id`) ON DELETE CASCADE,
  ADD CONSTRAINT `user_has_permissions_user_id_foreign` FOREIGN KEY (`user_id`) REFERENCES `users` (`id`) ON DELETE CASCADE;

--
-- Constraints for table `user_has_roles`
--
ALTER TABLE `user_has_roles`
  ADD CONSTRAINT `user_has_roles_role_id_foreign` FOREIGN KEY (`role_id`) REFERENCES `roles` (`id`) ON DELETE CASCADE,
  ADD CONSTRAINT `user_has_roles_user_id_foreign` FOREIGN KEY (`user_id`) REFERENCES `users` (`id`) ON DELETE CASCADE;
COMMIT;

/*!40101 SET CHARACTER_SET_CLIENT=@OLD_CHARACTER_SET_CLIENT */;
/*!40101 SET CHARACTER_SET_RESULTS=@OLD_CHARACTER_SET_RESULTS */;
/*!40101 SET COLLATION_CONNECTION=@OLD_COLLATION_CONNECTION */;
